4,0,0,0,0,2,2,2,1,1
4,0,0,0,1,1,2,2,1,1
5,0,1,0,0,1,2,2,1,1
6,0,0,0,0,3,2,2,0,0
6,0,0,0,0,3,3,2,0,0
6,0,0,0,1,2,2,2,1,1
6,0,0,0,1,2,3,2,0,0
6,0,0,1,1,1,2,2,2,2
6,0,0,1,1,1,3,2,0,0
6,0,2,0,0,0,2,2,0,0
6,1,1,0,0,0,2,2,1,1
7,0,1,0,0,2,2,2,1,1
7,0,1,0,0,2,3,2,0,0
7,0,1,0,1,1,2,2,2,2
7,0,1,0,1,1,3,2,0,0
8,0,0,0,0,4,2,2,0,0
8,0,0,0,0,4,3,2,0,0
8,0,0,0,0,4,4,2,1,1
8,0,0,0,1,3,2,2,0,0
8,0,0,0,1,3,3,2,0,0
8,0,0,0,1,3,4,2,1,1
8,0,0,0,2,2,2,2,0,0
8,0,0,0,2,2,3,2,0,0
8,0,0,0,2,2,4,2,1,1
8,0,0,1,1,2,2,2,1,1
8,0,0,1,1,2,3,2,0,0
8,0,0,1,1,2,4,2,1,1
8,0,2,0,0,1,2,2,1,1
8,0,2,0,0,1,3,2,0,0
8,1,1,0,0,1,2,2,2,2
8,1,1,0,0,1,3,2,0,0
9,0,1,0,0,3,2,2,0,0
9,0,1,0,0,3,3,2,0,0
9,0,1,0,0,3,4,2,1,1
9,0,1,0,1,2,2,2,1,1
9,0,1,0,1,2,3,2,0,0
9,0,1,0,1,2,4,2,1,1
9,0,1,1,1,1,2,2,3,3
9,0,1,1,1,1,3,2,0,0
9,0,1,1,1,1,4,2,1,1
9,0,3,0,0,0,2,2,0,0
9,0,3,0,0,0,3,2,0,0
9,1,2,0,0,0,2,2,1,1
9,1,2,0,0,0,3,2,0,0
10,0,0,0,0,5,2,2,0,0
10,0,0,0,0,5,3,2,0,0
10,0,0,0,0,5,4,2,0,0
10,0,0,0,0,5,5,2,0,0
10,0,0,0,1,4,2,2,0,0
10,0,0,0,1,4,3,2,0,0
10,0,0,0,1,4,4,2,1,1
10,0,0,0,1,4,5,2,0,0
10,0,0,0,2,3,2,2,0,0
10,0,0,0,2,3,3,2,0,0
10,0,0,0,2,3,4,2,1,1
10,0,0,0,2,3,5,2,0,0
10,0,0,1,1,3,2,2,0,0
10,0,0,1,1,3,3,2,0,0
10,0,0,1,1,3,4,2,3,3
10,0,0,1,1,3,5,2,0,0
10,0,0,1,2,2,2,2,0,0
10,0,0,1,2,2,3,2,0,0
10,0,0,1,2,2,4,2,3,3
10,0,0,1,2,2,5,2,0,0
10,0,2,0,0,2,2,2,1,1
10,0,2,0,0,2,3,2,0,0
10,0,2,0,0,2,4,2,0,0
10,0,2,0,1,1,2,2,2,2
10,0,2,0,1,1,3,2,0,0
10,0,2,0,1,1,4,2,0,0
10,1,1,0,0,2,2,2,1,1
10,1,1,0,0,2,3,2,0,0
10,1,1,0,0,2,4,2,1,1
10,1,1,0,1,1,2,2,3,3
10,1,1,0,1,1,3,2,0,0
10,1,1,0,1,1,4,2,1,1
11,0,1,0,0,4,2,2,0,0
11,0,1,0,0,4,3,2,0,0
11,0,1,0,0,4,4,2,1,1
11,0,1,0,0,4,5,2,0,0
11,0,1,0,1,3,2,2,0,0
11,0,1,0,1,3,3,2,0,0
11,0,1,0,1,3,4,2,3,3
11,0,1,0,1,3,5,2,0,0
11,0,1,0,2,2,2,2,0,0
11,0,1,0,2,2,3,2,0,0
11,0,1,0,2,2,4,2,3,3
11,0,1,0,2,2,5,2,0,0
11,0,1,1,1,2,2,2,1,1
11,0,1,1,1,2,3,2,0,0
11,0,1,1,1,2,4,2,6,6
11,0,1,1,1,2,5,2,0,0
11,0,3,0,0,1,2,2,1,1
11,0,3,0,0,1,3,2,0,0
11,0,3,0,0,1,4,2,0,0
11,1,2,0,0,1,2,2,2,2
11,1,2,0,0,1,3,2,0,0
11,1,2,0,0,1,4,2,0,0
12,0,0,0,0,6,2,2,0,0
12,0,0,0,0,6,3,2,0,0
12,0,0,0,0,6,4,2,0,0
12,0,0,0,0,6,5,2,0,0
12,0,0,0,0,6,6,2,1,1
12,0,0,0,1,5,2,2,0,0
12,0,0,0,1,5,3,2,0,0
12,0,0,0,1,5,4,2,0,0
12,0,0,0,1,5,5,2,0,0
12,0,0,0,1,5,6,2,1,1
12,0,0,0,2,4,2,2,0,0
12,0,0,0,2,4,3,2,0,0
12,0,0,0,2,4,4,2,0,0
12,0,0,0,2,4,5,2,0,0
12,0,0,0,2,4,6,2,1,1
12,0,0,0,3,3,2,2,0,0
12,0,0,0,3,3,3,2,0,0
12,0,0,0,3,3,4,2,0,0
12,0,0,0,3,3,5,2,0,0
12,0,0,0,3,3,6,2,1,1
12,0,0,1,1,4,2,2,0,0
12,0,0,1,1,4,3,2,0,0
12,0,0,1,1,4,4,2,2,2
12,0,0,1,1,4,5,2,0,0
12,0,0,1,1,4,6,2,1,1
12,0,0,1,2,3,2,2,0,0
12,0,0,1,2,3,3,2,0,0
12,0,0,1,2,3,4,2,3,3
12,0,0,1,2,3,5,2,0,0
12,0,0,1,2,3,6,2,1,1
12,0,0,2,2,2,2,2,0,0
12,0,0,2,2,2,3,2,0,0
12,0,0,2,2,2,4,2,4,4
12,0,0,2,2,2,5,2,0,0
12,0,0,2,2,2,6,2,1,1
12,0,2,0,0,3,2,2,0,0
12,0,2,0,0,3,3,2,0,0
12,0,2,0,0,3,4,2,2,2
12,0,2,0,0,3,5,2,0,0
12,0,2,0,1,2,2,2,1,1
12,0,2,0,1,2,3,2,0,0
12,0,2,0,1,2,4,2,3,3
12,0,2,0,1,2,5,2,0,0
12,0,2,1,1,1,2,2,3,3
12,0,2,1,1,1,3,2,0,0
12,0,2,1,1,1,4,2,4,4
12,0,2,1,1,1,5,2,0,0
12,0,4,0,0,0,2,2,0,0
12,0,4,0,0,0,3,2,0,0
12,0,4,0,0,0,4,2,0,0
12,1,1,0,0,3,2,2,0,0
12,1,1,0,0,3,3,2,0,0
12,1,1,0,0,3,4,2,3,3
12,1,1,0,0,3,5,2,0,0
12,1,1,0,1,2,2,2,1,1
12,1,1,0,1,2,3,2,0,0
12,1,1,0,1,2,4,2,6,6
12,1,1,0,1,2,5,2,0,0
12,1,1,1,1,1,2,2,4,4
12,1,1,1,1,1,3,2,0,0
12,1,1,1,1,1,4,2,10,10
12,1,1,1,1,1,5,2,0,0
12,1,3,0,0,0,2,2,1,1
12,1,3,0,0,0,3,2,0,0
12,1,3,0,0,0,4,2,0,0
12,2,2,0,0,0,2,2,1,1
12,2,2,0,0,0,3,2,0,0
12,2,2,0,0,0,4,2,0,0
13,0,1,0,0,5,2,2,0,0
13,0,1,0,0,5,3,2,0,0
13,0,1,0,0,5,4,2,0,0
13,0,1,0,0,5,5,2,0,0
13,0,1,0,0,5,6,2,1,1
13,0,1,0,1,4,2,2,0,0
13,0,1,0,1,4,3,2,0,0
13,0,1,0,1,4,4,2,2,2
13,0,1,0,1,4,5,2,0,0
13,0,1,0,1,4,6,2,1,1
13,0,1,0,2,3,2,2,0,0
13,0,1,0,2,3,3,2,0,0
13,0,1,0,2,3,4,2,3,3
13,0,1,0,2,3,5,2,0,0
13,0,1,0,2,3,6,2,1,1
13,0,1,1,1,3,2,2,0,0
13,0,1,1,1,3,3,2,0,0
13,0,1,1,1,3,4,2,9,9
13,0,1,1,1,3,5,2,0,0
13,0,1,1,1,3,6,2,1,1
13,0,1,1,2,2,2,2,0,0
13,0,1,1,2,2,3,2,0,0
13,0,1,1,2,2,4,2,12,12
13,0,1,1,2,2,5,2,0,0
13,0,1,1,2,2,6,2,1,1
13,0,3,0,0,2,2,2,1,1
13,0,3,0,0,2,3,2,0,0
13,0,3,0,0,2,4,2,1,1
13,0,3,0,0,2,5,2,0,0
13,0,3,0,1,1,2,2,2,2
13,0,3,0,1,1,3,2,0,0
13,0,3,0,1,1,4,2,1,1
13,0,3,0,1,1,5,2,0,0
13,1,2,0,0,2,2,2,1,1
13,1,2,0,0,2,3,2,0,0
13,1,2,0,0,2,4,2,3,3
13,1,2,0,0,2,5,2,0,0
13,1,2,0,1,1,2,2,3,3
13,1,2,0,1,1,3,2,0,0
13,1,2,0,1,1,4,2,4,4
13,1,2,0,1,1,5,2,0,0
14,0,0,0,0,7,2,2,0,0
14,0,0,0,0,7,3,2,0,0
14,0,0,0,0,7,4,2,0,0
14,0,0,0,0,7,5,2,0,0
14,0,0,0,0,7,6,2,0,0
14,0,0,0,0,7,7,2,0,0
14,0,0,0,1,6,2,2,0,0
14,0,0,0,1,6,3,2,0,0
14,0,0,0,1,6,4,2,0,0
14,0,0,0,1,6,5,2,0,0
14,0,0,0,1,6,6,2,1,1
14,0,0,0,1,6,7,2,0,0
14,0,0,0,2,5,2,2,0,0
14,0,0,0,2,5,3,2,0,0
14,0,0,0,2,5,4,2,0,0
14,0,0,0,2,5,5,2,0,0
14,0,0,0,2,5,6,2,1,1
14,0,0,0,2,5,7,2,0,0
14,0,0,0,3,4,2,2,0,0
14,0,0,0,3,4,3,2,0,0
14,0,0,0,3,4,4,2,0,0
14,0,0,0,3,4,5,2,0,0
14,0,0,0,3,4,6,2,1,1
14,0,0,0,3,4,7,2,0,0
14,0,0,1,1,5,2,2,0,0
14,0,0,1,1,5,3,2,0,0
14,0,0,1,1,5,4,2,0,0
14,0,0,1,1,5,5,2,0,0
14,0,0,1,1,5,6,2,3,3
14,0,0,1,1,5,7,2,0,0
14,0,0,1,2,4,2,2,0,0
14,0,0,1,2,4,3,2,0,0
14,0,0,1,2,4,4,2,1,1
14,0,0,1,2,4,5,2,0,0
14,0,0,1,2,4,6,2,3,3
14,0,0,1,2,4,7,2,0,0
14,0,0,1,3,3,2,2,0,0
14,0,0,1,3,3,3,2,0,0
14,0,0,1,3,3,4,2,1,1
14,0,0,1,3,3,5,2,0,0
14,0,0,1,3,3,6,2,3,3
14,0,0,1,3,3,7,2,0,0
14,0,0,2,2,3,2,2,0,0
14,0,0,2,2,3,3,2,0,0
14,0,0,2,2,3,4,2,3,3
14,0,0,2,2,3,5,2,0,0
14,0,0,2,2,3,6,2,3,3
14,0,0,2,2,3,7,2,0,0
14,0,2,0,0,4,2,2,0,0
14,0,2,0,0,4,3,2,0,0
14,0,2,0,0,4,4,2,2,2
14,0,2,0,0,4,5,2,0,0
14,0,2,0,0,4,6,2,0,0
14,0,2,0,1,3,2,2,0,0
14,0,2,0,1,3,3,2,0,0
14,0,2,0,1,3,4,2,6,6
14,0,2,0,1,3,5,2,0,0
14,0,2,0,1,3,6,2,0,0
14,0,2,0,2,2,2,2,0,0
14,0,2,0,2,2,3,2,0,0
14,0,2,0,2,2,4,2,8,8
14,0,2,0,2,2,5,2,0,0
14,0,2,0,2,2,6,2,0,0
14,0,2,1,1,2,2,2,1,1
14,0,2,1,1,2,3,2,0,0
14,0,2,1,1,2,4,2,15,15
14,0,2,1,1,2,5,2,0,0
14,0,2,1,1,2,6,2,0,0
14,0,4,0,0,1,2,2,1,1
14,0,4,0,0,1,3,2,0,0
14,0,4,0,0,1,4,2,0,0
14,0,4,0,0,1,5,2,0,0
14,1,1,0,0,4,2,2,0,0
14,1,1,0,0,4,3,2,0,0
14,1,1,0,0,4,4,2,2,2
14,1,1,0,0,4,5,2,0,0
14,1,1,0,0,4,6,2,1,1
14,1,1,0,1,3,2,2,0,0
14,1,1,0,1,3,3,2,0,0
14,1,1,0,1,3,4,2,9,9
14,1,1,0,1,3,5,2,0,0
14,1,1,0,1,3,6,2,1,1
14,1,1,0,2,2,2,2,0,0
14,1,1,0,2,2,3,2,0,0
14,1,1,0,2,2,4,2,12,12
14,1,1,0,2,2,5,2,0,0
14,1,1,0,2,2,6,2,1,1
14,1,1,1,1,2,2,2,1,1
14,1,1,1,1,2,3,2,0,0
14,1,1,1,1,2,4,2,27,27
14,1,1,1,1,2,5,2,0,0
14,1,1,1,1,2,6,2,1,1
14,1,3,0,0,1,2,2,2,2
14,1,3,0,0,1,3,2,0,0
14,1,3,0,0,1,4,2,1,1
14,1,3,0,0,1,5,2,0,0
14,2,2,0,0,1,2,2,2,2
14,2,2,0,0,1,3,2,0,0
14,2,2,0,0,1,4,2,1,1
14,2,2,0,0,1,5,2,0,0
15,0,1,0,0,6,2,2,0,0
15,0,1,0,0,6,3,2,0,0
15,0,1,0,0,6,4,2,0,0
15,0,1,0,0,6,5,2,0,0
15,0,1,0,0,6,6,2,1,1
15,0,1,0,0,6,7,2,0,0
15,0,1,0,1,5,2,2,0,0
15,0,1,0,1,5,3,2,0,0
15,0,1,0,1,5,4,2,0,0
15,0,1,0,1,5,5,2,0,0
15,0,1,0,1,5,6,2,3,3
15,0,1,0,1,5,7,2,0,0
15,0,1,0,2,4,2,2,0,0
15,0,1,0,2,4,3,2,0,0
15,0,1,0,2,4,4,2,1,1
15,0,1,0,2,4,5,2,0,0
15,0,1,0,2,4,6,2,3,3
15,0,1,0,2,4,7,2,0,0
15,0,1,0,3,3,2,2,0,0
15,0,1,0,3,3,3,2,0,0
15,0,1,0,3,3,4,2,1,1
15,0,1,0,3,3,5,2,0,0
15,0,1,0,3,3,6,2,3,3
15,0,1,0,3,3,7,2,0,0
15,0,1,1,1,4,2,2,0,0
15,0,1,1,1,4,3,2,0,0
15,0,1,1,1,4,4,2,4,4
15,0,1,1,1,4,5,2,0,0
15,0,1,1,1,4,6,2,6,6
15,0,1,1,1,4,7,2,0,0
15,0,1,1,2,3,2,2,0,0
15,0,1,1,2,3,3,2,0,0
15,0,1,1,2,3,4,2,9,9
15,0,1,1,2,3,5,2,0,0
15,0,1,1,2,3,6,2,6,6
15,0,1,1,2,3,7,2,0,0
15,0,1,2,2,2,2,2,0,0
15,0,1,2,2,2,3,2,0,0
15,0,1,2,2,2,4,2,16,16
15,0,1,2,2,2,5,2,0,0
15,0,1,2,2,2,6,2,6,6
15,0,1,2,2,2,7,2,0,0
15,0,3,0,0,3,2,2,0,0
15,0,3,0,0,3,3,2,0,0
15,0,3,0,0,3,4,2,3,3
15,0,3,0,0,3,5,2,0,0
15,0,3,0,0,3,6,2,0,0
15,0,3,0,1,2,2,2,1,1
15,0,3,0,1,2,3,2,0,0
15,0,3,0,1,2,4,2,6,6
15,0,3,0,1,2,5,2,0,0
15,0,3,0,1,2,6,2,0,0
15,0,3,1,1,1,2,2,3,3
15,0,3,1,1,1,3,2,0,0
15,0,3,1,1,1,4,2,10,10
15,0,3,1,1,1,5,2,0,0
15,0,3,1,1,1,6,2,0,0
15,0,5,0,0,0,2,2,0,0
15,0,5,0,0,0,3,2,0,0
15,0,5,0,0,0,4,2,0,0
15,0,5,0,0,0,5,2,0,0
15,1,2,0,0,3,2,2,0,0
15,1,2,0,0,3,3,2,0,0
15,1,2,0,0,3,4,2,6,6
15,1,2,0,0,3,5,2,0,0
15,1,2,0,0,3,6,2,0,0
15,1,2,0,1,2,2,2,1,1
15,1,2,0,1,2,3,2,0,0
15,1,2,0,1,2,4,2,15,15
15,1,2,0,1,2,5,2,0,0
15,1,2,0,1,2,6,2,0,0
15,1,2,1,1,1,2,2,4,4
15,1,2,1,1,1,3,2,0,0
15,1,2,1,1,1,4,2,28,28
15,1,2,1,1,1,5,2,0,0
15,1,2,1,1,1,6,2,0,0
15,1,4,0,0,0,2,2,1,1
15,1,4,0,0,0,3,2,0,0
15,1,4,0,0,0,4,2,0,0
15,1,4,0,0,0,5,2,0,0
15,2,3,0,0,0,2,2,1,1
15,2,3,0,0,0,3,2,0,0
15,2,3,0,0,0,4,2,0,0
15,2,3,0,0,0,5,2,0,0
16,0,0,0,0,8,2,2,0,0
16,0,0,0,0,8,3,2,0,0
16,0,0,0,0,8,4,2,0,0
16,0,0,0,0,8,5,2,0,0
16,0,0,0,0,8,6,2,0,0
16,0,0,0,0,8,7,2,0,0
16,0,0,0,0,8,8,2,1,1
16,0,0,0,1,7,2,2,0,0
16,0,0,0,1,7,3,2,0,0
16,0,0,0,1,7,4,2,0,0
16,0,0,0,1,7,5,2,0,0
16,0,0,0,1,7,6,2,0,0
16,0,0,0,1,7,7,2,0,0
16,0,0,0,1,7,8,2,1,1
16,0,0,0,2,6,2,2,0,0
16,0,0,0,2,6,3,2,0,0
16,0,0,0,2,6,4,2,0,0
16,0,0,0,2,6,5,2,0,0
16,0,0,0,2,6,6,2,0,0
16,0,0,0,2,6,7,2,0,0
16,0,0,0,2,6,8,2,1,1
16,0,0,0,3,5,2,2,0,0
16,0,0,0,3,5,3,2,0,0
16,0,0,0,3,5,4,2,0,0
16,0,0,0,3,5,5,2,0,0
16,0,0,0,3,5,6,2,0,0
16,0,0,0,3,5,7,2,0,0
16,0,0,0,3,5,8,2,1,1
16,0,0,0,4,4,2,2,0,0
16,0,0,0,4,4,3,2,0,0
16,0,0,0,4,4,4,2,0,0
16,0,0,0,4,4,5,2,0,0
16,0,0,0,4,4,6,2,0,0
16,0,0,0,4,4,7,2,0,0
16,0,0,0,4,4,8,2,1,1
16,0,0,1,1,6,2,2,0,0
16,0,0,1,1,6,3,2,0,0
16,0,0,1,1,6,4,2,0,0
16,0,0,1,1,6,5,2,0,0
16,0,0,1,1,6,6,2,2,2
16,0,0,1,1,6,7,2,0,0
16,0,0,1,1,6,8,2,1,1
16,0,0,1,2,5,2,2,0,0
16,0,0,1,2,5,3,2,0,0
16,0,0,1,2,5,4,2,0,0
16,0,0,1,2,5,5,2,0,0
16,0,0,1,2,5,6,2,3,3
16,0,0,1,2,5,7,2,0,0
16,0,0,1,2,5,8,2,1,1
16,0,0,1,3,4,2,2,0,0
16,0,0,1,3,4,3,2,0,0
16,0,0,1,3,4,4,2,0,0
16,0,0,1,3,4,5,2,0,0
16,0,0,1,3,4,6,2,3,3
16,0,0,1,3,4,7,2,0,0
16,0,0,1,3,4,8,2,1,1
16,0,0,2,2,4,2,2,0,0
16,0,0,2,2,4,3,2,0,0
16,0,0,2,2,4,4,2,1,1
16,0,0,2,2,4,5,2,0,0
16,0,0,2,2,4,6,2,4,4
16,0,0,2,2,4,7,2,0,0
16,0,0,2,2,4,8,2,1,1
16,0,0,2,3,3,2,2,0,0
16,0,0,2,3,3,3,2,0,0
16,0,0,2,3,3,4,2,1,1
16,0,0,2,3,3,5,2,0,0
16,0,0,2,3,3,6,2,4,4
16,0,0,2,3,3,7,2,0,0
16,0,0,2,3,3,8,2,1,1
16,0,2,0,0,5,2,2,0,0
16,0,2,0,0,5,3,2,0,0
16,0,2,0,0,5,4,2,0,0
16,0,2,0,0,5,5,2,0,0
16,0,2,0,0,5,6,2,2,2
16,0,2,0,0,5,7,2,0,0
16,0,2,0,1,4,2,2,0,0
16,0,2,0,1,4,3,2,0,0
16,0,2,0,1,4,4,2,3,3
16,0,2,0,1,4,5,2,0,0
16,0,2,0,1,4,6,2,3,3
16,0,2,0,1,4,7,2,0,0
16,0,2,0,2,3,2,2,0,0
16,0,2,0,2,3,3,2,0,0
16,0,2,0,2,3,4,2,6,6
16,0,2,0,2,3,5,2,0,0
16,0,2,0,2,3,6,2,3,3
16,0,2,0,2,3,7,2,0,0
16,0,2,1,1,3,2,2,0,0
16,0,2,1,1,3,3,2,0,0
16,0,2,1,1,3,4,2,17,17
16,0,2,1,1,3,5,2,0,0
16,0,2,1,1,3,6,2,4,4
16,0,2,1,1,3,7,2,0,0
16,0,2,1,2,2,2,2,0,0
16,0,2,1,2,2,3,2,0,0
16,0,2,1,2,2,4,2,25,25
16,0,2,1,2,2,5,2,0,0
16,0,2,1,2,2,6,2,4,4
16,0,2,1,2,2,7,2,0,0
16,0,4,0,0,2,2,2,1,1
16,0,4,0,0,2,3,2,0,0
16,0,4,0,0,2,4,2,1,1
16,0,4,0,0,2,5,2,0,0
16,0,4,0,0,2,6,2,0,0
16,0,4,0,1,1,2,2,2,2
16,0,4,0,1,1,3,2,0,0
16,0,4,0,1,1,4,2,2,2
16,0,4,0,1,1,5,2,0,0
16,0,4,0,1,1,6,2,0,0
16,1,1,0,0,5,2,2,0,0
16,1,1,0,0,5,3,2,0,0
16,1,1,0,0,5,4,2,0,0
16,1,1,0,0,5,5,2,0,0
16,1,1,0,0,5,6,2,3,3
16,1,1,0,0,5,7,2,0,0
16,1,1,0,1,4,2,2,0,0
16,1,1,0,1,4,3,2,0,0
16,1,1,0,1,4,4,2,4,4
16,1,1,0,1,4,5,2,0,0
16,1,1,0,1,4,6,2,6,6
16,1,1,0,1,4,7,2,0,0
16,1,1,0,2,3,2,2,0,0
16,1,1,0,2,3,3,2,0,0
16,1,1,0,2,3,4,2,9,9
16,1,1,0,2,3,5,2,0,0
16,1,1,0,2,3,6,2,6,6
16,1,1,0,2,3,7,2,0,0
16,1,1,1,1,3,2,2,0,0
16,1,1,1,1,3,3,2,0,0
16,1,1,1,1,3,4,2,26,26
16,1,1,1,1,3,5,2,0,0
16,1,1,1,1,3,6,2,10,10
16,1,1,1,1,3,7,2,0,0
16,1,1,1,2,2,2,2,0,0
16,1,1,1,2,2,3,2,0,0
16,1,1,1,2,2,4,2,41,41
16,1,1,1,2,2,5,2,0,0
16,1,1,1,2,2,6,2,10,10
16,1,1,1,2,2,7,2,0,0
16,1,3,0,0,2,2,2,1,1
16,1,3,0,0,2,3,2,0,0
16,1,3,0,0,2,4,2,6,6
16,1,3,0,0,2,5,2,0,0
16,1,3,0,0,2,6,2,0,0
16,1,3,0,1,1,2,2,3,3
16,1,3,0,1,1,3,2,0,0
16,1,3,0,1,1,4,2,10,10
16,1,3,0,1,1,5,2,0,0
16,1,3,0,1,1,6,2,0,0
16,2,2,0,0,2,2,2,1,1
16,2,2,0,0,2,3,2,0,0
16,2,2,0,0,2,4,2,7,7
16,2,2,0,0,2,5,2,0,0
16,2,2,0,0,2,6,2,0,0
16,2,2,0,1,1,2,2,3,3
16,2,2,0,1,1,3,2,0,0
16,2,2,0,1,1,4,2,13,13
16,2,2,0,1,1,5,2,0,0
16,2,2,0,1,1,6,2,0,0
17,0,1,0,0,7,2,2,0,0
17,0,1,0,0,7,3,2,0,0
17,0,1,0,0,7,4,2,0,0
17,0,1,0,0,7,5,2,0,0
17,0,1,0,0,7,6,2,0,0
17,0,1,0,0,7,7,2,0,0
17,0,1,0,0,7,8,2,1,1
17,0,1,0,1,6,2,2,0,0
17,0,1,0,1,6,3,2,0,0
17,0,1,0,1,6,4,2,0,0
17,0,1,0,1,6,5,2,0,0
17,0,1,0,1,6,6,2,2,2
17,0,1,0,1,6,7,2,0,0
17,0,1,0,1,6,8,2,1,1
17,0,1,0,2,5,2,2,0,0
17,0,1,0,2,5,3,2,0,0
17,0,1,0,2,5,4,2,0,0
17,0,1,0,2,5,5,2,0,0
17,0,1,0,2,5,6,2,3,3
17,0,1,0,2,5,7,2,0,0
17,0,1,0,2,5,8,2,1,1
17,0,1,0,3,4,2,2,0,0
17,0,1,0,3,4,3,2,0,0
17,0,1,0,3,4,4,2,0,0
17,0,1,0,3,4,5,2,0,0
17,0,1,0,3,4,6,2,3,3
17,0,1,0,3,4,7,2,0,0
17,0,1,0,3,4,8,2,1,1
17,0,1,1,1,5,2,2,0,0
17,0,1,1,1,5,3,2,0,0
17,0,1,1,1,5,4,2,0,0
17,0,1,1,1,5,5,2,0,0
17,0,1,1,1,5,6,2,10,10
17,0,1,1,1,5,7,2,0,0
17,0,1,1,1,5,8,2,1,1
17,0,1,1,2,4,2,2,0,0
17,0,1,1,2,4,3,2,0,0
17,0,1,1,2,4,4,2,2,2
17,0,1,1,2,4,5,2,0,0
17,0,1,1,2,4,6,2,13,13
17,0,1,1,2,4,7,2,0,0
17,0,1,1,2,4,8,2,1,1
17,0,1,1,3,3,2,2,0,0
17,0,1,1,3,3,3,2,0,0
17,0,1,1,3,3,4,2,3,3
17,0,1,1,3,3,5,2,0,0
17,0,1,1,3,3,6,2,13,13
17,0,1,1,3,3,7,2,0,0
17,0,1,1,3,3,8,2,1,1
17,0,1,2,2,3,2,2,0,0
17,0,1,2,2,3,3,2,0,0
17,0,1,2,2,3,4,2,8,8
17,0,1,2,2,3,5,2,0,0
17,0,1,2,2,3,6,2,16,16
17,0,1,2,2,3,7,2,0,0
17,0,1,2,2,3,8,2,1,1
17,0,3,0,0,4,2,2,0,0
17,0,3,0,0,4,3,2,0,0
17,0,3,0,0,4,4,2,2,2
17,0,3,0,0,4,5,2,0,0
17,0,3,0,0,4,6,2,1,1
17,0,3,0,0,4,7,2,0,0
17,0,3,0,1,3,2,2,0,0
17,0,3,0,1,3,3,2,0,0
17,0,3,0,1,3,4,2,9,9
17,0,3,0,1,3,5,2,0,0
17,0,3,0,1,3,6,2,1,1
17,0,3,0,1,3,7,2,0,0
17,0,3,0,2,2,2,2,0,0
17,0,3,0,2,2,3,2,0,0
17,0,3,0,2,2,4,2,12,12
17,0,3,0,2,2,5,2,0,0
17,0,3,0,2,2,6,2,1,1
17,0,3,0,2,2,7,2,0,0
17,0,3,1,1,2,2,2,1,1
17,0,3,1,1,2,3,2,0,0
17,0,3,1,1,2,4,2,26,26
17,0,3,1,1,2,5,2,0,0
17,0,3,1,1,2,6,2,1,1
17,0,3,1,1,2,7,2,0,0
17,0,5,0,0,1,2,2,1,1
17,0,5,0,0,1,3,2,0,0
17,0,5,0,0,1,4,2,0,0
17,0,5,0,0,1,5,2,0,0
17,0,5,0,0,1,6,2,0,0
17,1,2,0,0,4,2,2,0,0
17,1,2,0,0,4,3,2,0,0
17,1,2,0,0,4,4,2,3,3
17,1,2,0,0,4,5,2,0,0
17,1,2,0,0,4,6,2,3,3
17,1,2,0,0,4,7,2,0,0
17,1,2,0,1,3,2,2,0,0
17,1,2,0,1,3,3,2,0,0
17,1,2,0,1,3,4,2,17,17
17,1,2,0,1,3,5,2,0,0
17,1,2,0,1,3,6,2,4,4
17,1,2,0,1,3,7,2,0,0
17,1,2,0,2,2,2,2,0,0
17,1,2,0,2,2,3,2,0,0
17,1,2,0,2,2,4,2,25,25
17,1,2,0,2,2,5,2,0,0
17,1,2,0,2,2,6,2,4,4
17,1,2,0,2,2,7,2,0,0
17,1,2,1,1,2,2,2,1,1
17,1,2,1,1,2,3,2,0,0
17,1,2,1,1,2,4,2,58,58
17,1,2,1,1,2,5,2,0,0
17,1,2,1,1,2,6,2,5,5
17,1,2,1,1,2,7,2,0,0
17,1,4,0,0,1,2,2,2,2
17,1,4,0,0,1,3,2,0,0
17,1,4,0,0,1,4,2,2,2
17,1,4,0,0,1,5,2,0,0
17,1,4,0,0,1,6,2,0,0
17,2,3,0,0,1,2,2,2,2
17,2,3,0,0,1,3,2,0,0
17,2,3,0,0,1,4,2,4,4
17,2,3,0,0,1,5,2,0,0
17,2,3,0,0,1,6,2,0,0
18,0,0,0,0,9,2,2,0,0
18,0,0,0,0,9,3,2,0,0
18,0,0,0,0,9,4,2,0,0
18,0,0,0,0,9,5,2,0,0
18,0,0,0,0,9,6,2,0,0
18,0,0,0,0,9,7,2,0,0
18,0,0,0,0,9,8,2,0,0
18,0,0,0,0,9,9,2,0,0
18,0,0,0,1,8,2,2,0,0
18,0,0,0,1,8,3,2,0,0
18,0,0,0,1,8,4,2,0,0
18,0,0,0,1,8,5,2,0,0
18,0,0,0,1,8,6,2,0,0
18,0,0,0,1,8,7,2,0,0
18,0,0,0,1,8,8,2,1,1
18,0,0,0,1,8,9,2,0,0
18,0,0,0,2,7,2,2,0,0
18,0,0,0,2,7,3,2,0,0
18,0,0,0,2,7,4,2,0,0
18,0,0,0,2,7,5,2,0,0
18,0,0,0,2,7,6,2,0,0
18,0,0,0,2,7,7,2,0,0
18,0,0,0,2,7,8,2,1,1
18,0,0,0,2,7,9,2,0,0
18,0,0,0,3,6,2,2,0,0
18,0,0,0,3,6,3,2,0,0
18,0,0,0,3,6,4,2,0,0
18,0,0,0,3,6,5,2,0,0
18,0,0,0,3,6,6,2,0,0
18,0,0,0,3,6,7,2,0,0
18,0,0,0,3,6,8,2,1,1
18,0,0,0,3,6,9,2,0,0
18,0,0,0,4,5,2,2,0,0
18,0,0,0,4,5,3,2,0,0
18,0,0,0,4,5,4,2,0,0
18,0,0,0,4,5,5,2,0,0
18,0,0,0,4,5,6,2,0,0
18,0,0,0,4,5,7,2,0,0
18,0,0,0,4,5,8,2,1,1
18,0,0,0,4,5,9,2,0,0
18,0,0,1,1,7,2,2,0,0
18,0,0,1,1,7,3,2,0,0
18,0,0,1,1,7,4,2,0,0
18,0,0,1,1,7,5,2,0,0
18,0,0,1,1,7,6,2,0,0
18,0,0,1,1,7,7,2,0,0
18,0,0,1,1,7,8,2,3,3
18,0,0,1,1,7,9,2,0,0
18,0,0,1,2,6,2,2,0,0
18,0,0,1,2,6,3,2,0,0
18,0,0,1,2,6,4,2,0,0
18,0,0,1,2,6,5,2,0,0
18,0,0,1,2,6,6,2,1,1
18,0,0,1,2,6,7,2,0,0
18,0,0,1,2,6,8,2,3,3
18,0,0,1,2,6,9,2,0,0
18,0,0,1,3,5,2,2,0,0
18,0,0,1,3,5,3,2,0,0
18,0,0,1,3,5,4,2,0,0
18,0,0,1,3,5,5,2,0,0
18,0,0,1,3,5,6,2,1,1
18,0,0,1,3,5,7,2,0,0
18,0,0,1,3,5,8,2,3,3
18,0,0,1,3,5,9,2,0,0
18,0,0,1,4,4,2,2,0,0
18,0,0,1,4,4,3,2,0,0
18,0,0,1,4,4,4,2,0,0
18,0,0,1,4,4,5,2,0,0
18,0,0,1,4,4,6,2,1,1
18,0,0,1,4,4,7,2,0,0
18,0,0,1,4,4,8,2,3,3
18,0,0,1,4,4,9,2,0,0
18,0,0,2,2,5,2,2,0,0
18,0,0,2,2,5,3,2,0,0
18,0,0,2,2,5,4,2,0,0
18,0,0,2,2,5,5,2,0,0
18,0,0,2,2,5,6,2,4,4
18,0,0,2,2,5,7,2,0,0
18,0,0,2,2,5,8,2,3,3
18,0,0,2,2,5,9,2,0,0
18,0,0,2,3,4,2,2,0,0
18,0,0,2,3,4,3,2,0,0
18,0,0,2,3,4,4,2,0,0
18,0,0,2,3,4,5,2,0,0
18,0,0,2,3,4,6,2,4,4
18,0,0,2,3,4,7,2,0,0
18,0,0,2,3,4,8,2,3,3
18,0,0,2,3,4,9,2,0,0
18,0,0,3,3,3,2,2,0,0
18,0,0,3,3,3,3,2,0,0
18,0,0,3,3,3,4,2,0,0
18,0,0,3,3,3,5,2,0,0
18,0,0,3,3,3,6,2,4,4
18,0,0,3,3,3,7,2,0,0
18,0,0,3,3,3,8,2,3,3
18,0,0,3,3,3,9,2,0,0
18,0,2,0,0,6,2,2,0,0
18,0,2,0,0,6,3,2,0,0
18,0,2,0,0,6,4,2,0,0
18,0,2,0,0,6,5,2,0,0
18,0,2,0,0,6,6,2,2,2
18,0,2,0,0,6,7,2,0,0
18,0,2,0,0,6,8,2,0,0
18,0,2,0,1,5,2,2,0,0
18,0,2,0,1,5,3,2,0,0
18,0,2,0,1,5,4,2,0,0
18,0,2,0,1,5,5,2,0,0
18,0,2,0,1,5,6,2,7,7
18,0,2,0,1,5,7,2,0,0
18,0,2,0,1,5,8,2,0,0
18,0,2,0,2,4,2,2,0,0
18,0,2,0,2,4,3,2,0,0
18,0,2,0,2,4,4,2,1,1
18,0,2,0,2,4,5,2,0,0
18,0,2,0,2,4,6,2,9,9
18,0,2,0,2,4,7,2,0,0
18,0,2,0,2,4,8,2,0,0
18,0,2,0,3,3,2,2,0,0
18,0,2,0,3,3,3,2,0,0
18,0,2,0,3,3,4,2,2,2
18,0,2,0,3,3,5,2,0,0
18,0,2,0,3,3,6,2,9,9
18,0,2,0,3,3,7,2,0,0
18,0,2,0,3,3,8,2,0,0
18,0,2,1,1,4,2,2,0,0
18,0,2,1,1,4,3,2,0,0
18,0,2,1,1,4,4,2,6,6
18,0,2,1,1,4,5,2,0,0
18,0,2,1,1,4,6,2,18,18
18,0,2,1,1,4,7,2,0,0
18,0,2,1,1,4,8,2,0,0
18,0,2,1,2,3,2,2,0,0
18,0,2,1,2,3,3,2,0,0
18,0,2,1,2,3,4,2,16,16
18,0,2,1,2,3,5,2,0,0
18,0,2,1,2,3,6,2,21,21
18,0,2,1,2,3,7,2,0,0
18,0,2,1,2,3,8,2,0,0
18,0,2,2,2,2,2,2,0,0
18,0,2,2,2,2,3,2,0,0
18,0,2,2,2,2,4,2,28,28
18,0,2,2,2,2,5,2,0,0
18,0,2,2,2,2,6,2,24,24
18,0,2,2,2,2,7,2,0,0
18,0,2,2,2,2,8,2,0,0
18,0,4,0,0,3,2,2,0,0
18,0,4,0,0,3,3,2,0,0
18,0,4,0,0,3,4,2,4,4
18,0,4,0,0,3,5,2,0,0
18,0,4,0,0,3,6,2,0,0
18,0,4,0,0,3,7,2,0,0
18,0,4,0,1,2,2,2,1,1
18,0,4,0,1,2,3,2,0,0
18,0,4,0,1,2,4,2,9,9
18,0,4,0,1,2,5,2,0,0
18,0,4,0,1,2,6,2,0,0
18,0,4,0,1,2,7,2,0,0
18,0,4,1,1,1,2,2,3,3
18,0,4,1,1,1,3,2,0,0
18,0,4,1,1,1,4,2,16,16
18,0,4,1,1,1,5,2,0,0
18,0,4,1,1,1,6,2,0,0
18,0,4,1,1,1,7,2,0,0
18,0,6,0,0,0,2,2,0,0
18,0,6,0,0,0,3,2,0,0
18,0,6,0,0,0,4,2,0,0
18,0,6,0,0,0,5,2,0,0
18,0,6,0,0,0,6,2,0,0
18,1,1,0,0,6,2,2,0,0
18,1,1,0,0,6,3,2,0,0
18,1,1,0,0,6,4,2,0,0
18,1,1,0,0,6,5,2,0,0
18,1,1,0,0,6,6,2,2,2
18,1,1,0,0,6,7,2,0,0
18,1,1,0,0,6,8,2,1,1
18,1,1,0,1,5,2,2,0,0
18,1,1,0,1,5,3,2,0,0
18,1,1,0,1,5,4,2,0,0
18,1,1,0,1,5,5,2,0,0
18,1,1,0,1,5,6,2,10,10
18,1,1,0,1,5,7,2,0,0
18,1,1,0,1,5,8,2,1,1
18,1,1,0,2,4,2,2,0,0
18,1,1,0,2,4,3,2,0,0
18,1,1,0,2,4,4,2,2,2
18,1,1,0,2,4,5,2,0,0
18,1,1,0,2,4,6,2,13,13
18,1,1,0,2,4,7,2,0,0
18,1,1,0,2,4,8,2,1,1
18,1,1,0,3,3,2,2,0,0
18,1,1,0,3,3,3,2,0,0
18,1,1,0,3,3,4,2,3,3
18,1,1,0,3,3,5,2,0,0
18,1,1,0,3,3,6,2,13,13
18,1,1,0,3,3,7,2,0,0
18,1,1,0,3,3,8,2,1,1
18,1,1,1,1,4,2,2,0,0
18,1,1,1,1,4,3,2,0,0
18,1,1,1,1,4,4,2,8,8
18,1,1,1,1,4,5,2,0,0
18,1,1,1,1,4,6,2,31,31
18,1,1,1,1,4,7,2,0,0
18,1,1,1,1,4,8,2,1,1
18,1,1,1,2,3,2,2,0,0
18,1,1,1,2,3,3,2,0,0
18,1,1,1,2,3,4,2,24,24
18,1,1,1,2,3,5,2,0,0
18,1,1,1,2,3,6,2,37,37
18,1,1,1,2,3,7,2,0,0
18,1,1,1,2,3,8,2,1,1
18,1,1,2,2,2,2,2,0,0
18,1,1,2,2,2,3,2,0,0
18,1,1,2,2,2,4,2,46,46
18,1,1,2,2,2,5,2,0,0
18,1,1,2,2,2,6,2,43,43
18,1,1,2,2,2,7,2,0,0
18,1,1,2,2,2,8,2,1,1
18,1,3,0,0,3,2,2,0,0
18,1,3,0,0,3,3,2,0,0
18,1,3,0,0,3,4,2,9,9
18,1,3,0,0,3,5,2,0,0
18,1,3,0,0,3,6,2,1,1
18,1,3,0,0,3,7,2,0,0
18,1,3,0,1,2,2,2,1,1
18,1,3,0,1,2,3,2,0,0
18,1,3,0,1,2,4,2,26,26
18,1,3,0,1,2,5,2,0,0
18,1,3,0,1,2,6,2,1,1
18,1,3,0,1,2,7,2,0,0
18,1,3,1,1,1,2,2,4,4
18,1,3,1,1,1,3,2,0,0
18,1,3,1,1,1,4,2,52,52
18,1,3,1,1,1,5,2,0,0
18,1,3,1,1,1,6,2,1,1
18,1,3,1,1,1,7,2,0,0
18,1,5,0,0,0,2,2,1,1
18,1,5,0,0,0,3,2,0,0
18,1,5,0,0,0,4,2,0,0
18,1,5,0,0,0,5,2,0,0
18,1,5,0,0,0,6,2,0,0
18,2,2,0,0,3,2,2,0,0
18,2,2,0,0,3,3,2,0,0
18,2,2,0,0,3,4,2,11,11
18,2,2,0,0,3,5,2,0,0
18,2,2,0,0,3,6,2,1,1
18,2,2,0,0,3,7,2,0,0
18,2,2,0,1,2,2,2,1,1
18,2,2,0,1,2,3,2,0,0
18,2,2,0,1,2,4,2,33,33
18,2,2,0,1,2,5,2,0,0
18,2,2,0,1,2,6,2,1,1
18,2,2,0,1,2,7,2,0,0
18,2,2,1,1,1,2,2,4,4
18,2,2,1,1,1,3,2,0,0
18,2,2,1,1,1,4,2,67,67
18,2,2,1,1,1,5,2,0,0
18,2,2,1,1,1,6,2,1,1
18,2,2,1,1,1,7,2,0,0
18,2,4,0,0,0,2,2,1,1
18,2,4,0,0,0,3,2,0,0
18,2,4,0,0,0,4,2,1,1
18,2,4,0,0,0,5,2,0,0
18,2,4,0,0,0,6,2,0,0
18,3,3,0,0,0,2,2,1,1
18,3,3,0,0,0,3,2,0,0
18,3,3,0,0,0,4,2,1,1
18,3,3,0,0,0,5,2,0,0
18,3,3,0,0,0,6,2,0,0
19,0,1,0,0,8,2,2,0,0
19,0,1,0,0,8,3,2,0,0
19,0,1,0,0,8,4,2,0,0
19,0,1,0,0,8,5,2,0,0
19,0,1,0,0,8,6,2,0,0
19,0,1,0,0,8,7,2,0,0
19,0,1,0,0,8,8,2,1,1
19,0,1,0,0,8,9,2,0,0
19,0,1,0,1,7,2,2,0,0
19,0,1,0,1,7,3,2,0,0
19,0,1,0,1,7,4,2,0,0
19,0,1,0,1,7,5,2,0,0
19,0,1,0,1,7,6,2,0,0
19,0,1,0,1,7,7,2,0,0
19,0,1,0,1,7,8,2,3,3
19,0,1,0,1,7,9,2,0,0
19,0,1,0,2,6,2,2,0,0
19,0,1,0,2,6,3,2,0,0
19,0,1,0,2,6,4,2,0,0
19,0,1,0,2,6,5,2,0,0
19,0,1,0,2,6,6,2,1,1
19,0,1,0,2,6,7,2,0,0
19,0,1,0,2,6,8,2,3,3
19,0,1,0,2,6,9,2,0,0
19,0,1,0,3,5,2,2,0,0
19,0,1,0,3,5,3,2,0,0
19,0,1,0,3,5,4,2,0,0
19,0,1,0,3,5,5,2,0,0
19,0,1,0,3,5,6,2,1,1
19,0,1,0,3,5,7,2,0,0
19,0,1,0,3,5,8,2,3,3
19,0,1,0,3,5,9,2,0,0
19,0,1,0,4,4,2,2,0,0
19,0,1,0,4,4,3,2,0,0
19,0,1,0,4,4,4,2,0,0
19,0,1,0,4,4,5,2,0,0
19,0,1,0,4,4,6,2,1,1
19,0,1,0,4,4,7,2,0,0
19,0,1,0,4,4,8,2,3,3
19,0,1,0,4,4,9,2,0,0
19,0,1,1,1,6,2,2,0,0
19,0,1,1,1,6,3,2,0,0
19,0,1,1,1,6,4,2,0,0
19,0,1,1,1,6,5,2,0,0
19,0,1,1,1,6,6,2,5,5
19,0,1,1,1,6,7,2,0,0
19,0,1,1,1,6,8,2,6,6
19,0,1,1,1,6,9,2,0,0
19,0,1,1,2,5,2,2,0,0
19,0,1,1,2,5,3,2,0,0
19,0,1,1,2,5,4,2,0,0
19,0,1,1,2,5,5,2,0,0
19,0,1,1,2,5,6,2,12,12
19,0,1,1,2,5,7,2,0,0
19,0,1,1,2,5,8,2,6,6
19,0,1,1,2,5,9,2,0,0
19,0,1,1,3,4,2,2,0,0
19,0,1,1,3,4,3,2,0,0
19,0,1,1,3,4,4,2,0,0
19,0,1,1,3,4,5,2,0,0
19,0,1,1,3,4,6,2,13,13
19,0,1,1,3,4,7,2,0,0
19,0,1,1,3,4,8,2,6,6
19,0,1,1,3,4,9,2,0,0
19,0,1,2,2,4,2,2,0,0
19,0,1,2,2,4,3,2,0,0
19,0,1,2,2,4,4,2,1,1
19,0,1,2,2,4,5,2,0,0
19,0,1,2,2,4,6,2,24,24
19,0,1,2,2,4,7,2,0,0
19,0,1,2,2,4,8,2,6,6
19,0,1,2,2,4,9,2,0,0
19,0,1,2,3,3,2,2,0,0
19,0,1,2,3,3,3,2,0,0
19,0,1,2,3,3,4,2,2,2
19,0,1,2,3,3,5,2,0,0
19,0,1,2,3,3,6,2,25,25
19,0,1,2,3,3,7,2,0,0
19,0,1,2,3,3,8,2,6,6
19,0,1,2,3,3,9,2,0,0
19,0,3,0,0,5,2,2,0,0
19,0,3,0,0,5,3,2,0,0
19,0,3,0,0,5,4,2,0,0
19,0,3,0,0,5,5,2,0,0
19,0,3,0,0,5,6,2,4,4
19,0,3,0,0,5,7,2,0,0
19,0,3,0,0,5,8,2,0,0
19,0,3,0,1,4,2,2,0,0
19,0,3,0,1,4,3,2,0,0
19,0,3,0,1,4,4,2,4,4
19,0,3,0,1,4,5,2,0,0
19,0,3,0,1,4,6,2,8,8
19,0,3,0,1,4,7,2,0,0
19,0,3,0,1,4,8,2,0,0
19,0,3,0,2,3,2,2,0,0
19,0,3,0,2,3,3,2,0,0
19,0,3,0,2,3,4,2,9,9
19,0,3,0,2,3,5,2,0,0
19,0,3,0,2,3,6,2,9,9
19,0,3,0,2,3,7,2,0,0
19,0,3,0,2,3,8,2,0,0
19,0,3,1,1,3,2,2,0,0
19,0,3,1,1,3,3,2,0,0
19,0,3,1,1,3,4,2,25,25
19,0,3,1,1,3,5,2,0,0
19,0,3,1,1,3,6,2,14,14
19,0,3,1,1,3,7,2,0,0
19,0,3,1,1,3,8,2,0,0
19,0,3,1,2,2,2,2,0,0
19,0,3,1,2,2,3,2,0,0
19,0,3,1,2,2,4,2,39,39
19,0,3,1,2,2,5,2,0,0
19,0,3,1,2,2,6,2,15,15
19,0,3,1,2,2,7,2,0,0
19,0,3,1,2,2,8,2,0,0
19,0,5,0,0,2,2,2,1,1
19,0,5,0,0,2,3,2,0,0
19,0,5,0,0,2,4,2,2,2
19,0,5,0,0,2,5,2,0,0
19,0,5,0,0,2,6,2,0,0
19,0,5,0,0,2,7,2,0,0
19,0,5,0,1,1,2,2,2,2
19,0,5,0,1,1,3,2,0,0
19,0,5,0,1,1,4,2,3,3
19,0,5,0,1,1,5,2,0,0
19,0,5,0,1,1,6,2,0,0
19,0,5,0,1,1,7,2,0,0
19,1,2,0,0,5,2,2,0,0
19,1,2,0,0,5,3,2,0,0
19,1,2,0,0,5,4,2,0,0
19,1,2,0,0,5,5,2,0,0
19,1,2,0,0,5,6,2,7,7
19,1,2,0,0,5,7,2,0,0
19,1,2,0,0,5,8,2,0,0
19,1,2,0,1,4,2,2,0,0
19,1,2,0,1,4,3,2,0,0
19,1,2,0,1,4,4,2,6,6
19,1,2,0,1,4,5,2,0,0
19,1,2,0,1,4,6,2,18,18
19,1,2,0,1,4,7,2,0,0
19,1,2,0,1,4,8,2,0,0
19,1,2,0,2,3,2,2,0,0
19,1,2,0,2,3,3,2,0,0
19,1,2,0,2,3,4,2,16,16
19,1,2,0,2,3,5,2,0,0
19,1,2,0,2,3,6,2,21,21
19,1,2,0,2,3,7,2,0,0
19,1,2,0,2,3,8,2,0,0
19,1,2,1,1,3,2,2,0,0
19,1,2,1,1,3,3,2,0,0
19,1,2,1,1,3,4,2,46,46
19,1,2,1,1,3,5,2,0,0
19,1,2,1,1,3,6,2,38,38
19,1,2,1,1,3,7,2,0,0
19,1,2,1,1,3,8,2,0,0
19,1,2,1,2,2,2,2,0,0
19,1,2,1,2,2,3,2,0,0
19,1,2,1,2,2,4,2,77,77
19,1,2,1,2,2,5,2,0,0
19,1,2,1,2,2,6,2,42,42
19,1,2,1,2,2,7,2,0,0
19,1,2,1,2,2,8,2,0,0
19,1,4,0,0,2,2,2,1,1
19,1,4,0,0,2,3,2,0,0
19,1,4,0,0,2,4,2,9,9
19,1,4,0,0,2,5,2,0,0
19,1,4,0,0,2,6,2,0,0
19,1,4,0,0,2,7,2,0,0
19,1,4,0,1,1,2,2,3,3
19,1,4,0,1,1,3,2,0,0
19,1,4,0,1,1,4,2,16,16
19,1,4,0,1,1,5,2,0,0
19,1,4,0,1,1,6,2,0,0
19,1,4,0,1,1,7,2,0,0
19,2,3,0,0,2,2,2,1,1
19,2,3,0,0,2,3,2,0,0
19,2,3,0,0,2,4,2,14,14
19,2,3,0,0,2,5,2,0,0
19,2,3,0,0,2,6,2,0,0
19,2,3,0,0,2,7,2,0,0
19,2,3,0,1,1,2,2,3,3
19,2,3,0,1,1,3,2,0,0
19,2,3,0,1,1,4,2,26,26
19,2,3,0,1,1,5,2,0,0
19,2,3,0,1,1,6,2,0,0
19,2,3,0,1,1,7,2,0,0
20,0,0,0,0,10,10,2,1,1
20,0,0,0,0,10,2,2,0,0
20,0,0,0,0,10,3,2,0,0
20,0,0,0,0,10,4,2,0,0
20,0,0,0,0,10,5,2,0,0
20,0,0,0,0,10,6,2,0,0
20,0,0,0,0,10,7,2,0,0
20,0,0,0,0,10,8,2,0,0
20,0,0,0,0,10,9,2,0,0
20,0,0,0,1,9,10,2,1,1
20,0,0,0,1,9,2,2,0,0
20,0,0,0,1,9,3,2,0,0
20,0,0,0,1,9,4,2,0,0
20,0,0,0,1,9,5,2,0,0
20,0,0,0,1,9,6,2,0,0
20,0,0,0,1,9,7,2,0,0
20,0,0,0,1,9,8,2,0,0
20,0,0,0,1,9,9,2,0,0
20,0,0,0,2,8,10,2,1,1
20,0,0,0,2,8,2,2,0,0
20,0,0,0,2,8,3,2,0,0
20,0,0,0,2,8,4,2,0,0
20,0,0,0,2,8,5,2,0,0
20,0,0,0,2,8,6,2,0,0
20,0,0,0,2,8,7,2,0,0
20,0,0,0,2,8,8,2,0,0
20,0,0,0,2,8,9,2,0,0
20,0,0,0,3,7,10,2,1,1
20,0,0,0,3,7,2,2,0,0
20,0,0,0,3,7,3,2,0,0
20,0,0,0,3,7,4,2,0,0
20,0,0,0,3,7,5,2,0,0
20,0,0,0,3,7,6,2,0,0
20,0,0,0,3,7,7,2,0,0
20,0,0,0,3,7,8,2,0,0
20,0,0,0,3,7,9,2,0,0
20,0,0,0,4,6,10,2,1,1
20,0,0,0,4,6,2,2,0,0
20,0,0,0,4,6,3,2,0,0
20,0,0,0,4,6,4,2,0,0
20,0,0,0,4,6,5,2,0,0
20,0,0,0,4,6,6,2,0,0
20,0,0,0,4,6,7,2,0,0
20,0,0,0,4,6,8,2,0,0
20,0,0,0,4,6,9,2,0,0
20,0,0,0,5,5,10,2,1,1
20,0,0,0,5,5,2,2,0,0
20,0,0,0,5,5,3,2,0,0
20,0,0,0,5,5,4,2,0,0
20,0,0,0,5,5,5,2,0,0
20,0,0,0,5,5,6,2,0,0
20,0,0,0,5,5,7,2,0,0
20,0,0,0,5,5,8,2,0,0
20,0,0,0,5,5,9,2,0,0
20,0,0,1,1,8,10,2,1,1
20,0,0,1,1,8,2,2,0,0
20,0,0,1,1,8,3,2,0,0
20,0,0,1,1,8,4,2,0,0
20,0,0,1,1,8,5,2,0,0
20,0,0,1,1,8,6,2,0,0
20,0,0,1,1,8,7,2,0,0
20,0,0,1,1,8,8,2,2,2
20,0,0,1,1,8,9,2,0,0
20,0,0,1,2,7,10,2,1,1
20,0,0,1,2,7,2,2,0,0
20,0,0,1,2,7,3,2,0,0
20,0,0,1,2,7,4,2,0,0
20,0,0,1,2,7,5,2,0,0
20,0,0,1,2,7,6,2,0,0
20,0,0,1,2,7,7,2,0,0
20,0,0,1,2,7,8,2,3,3
20,0,0,1,2,7,9,2,0,0
20,0,0,1,3,6,10,2,1,1
20,0,0,1,3,6,2,2,0,0
20,0,0,1,3,6,3,2,0,0
20,0,0,1,3,6,4,2,0,0
20,0,0,1,3,6,5,2,0,0
20,0,0,1,3,6,6,2,0,0
20,0,0,1,3,6,7,2,0,0
20,0,0,1,3,6,8,2,3,3
20,0,0,1,3,6,9,2,0,0
20,0,0,1,4,5,10,2,1,1
20,0,0,1,4,5,2,2,0,0
20,0,0,1,4,5,3,2,0,0
20,0,0,1,4,5,4,2,0,0
20,0,0,1,4,5,5,2,0,0
20,0,0,1,4,5,6,2,0,0
20,0,0,1,4,5,7,2,0,0
20,0,0,1,4,5,8,2,3,3
20,0,0,1,4,5,9,2,0,0
20,0,0,2,2,6,10,2,1,1
20,0,0,2,2,6,2,2,0,0
20,0,0,2,2,6,3,2,0,0
20,0,0,2,2,6,4,2,0,0
20,0,0,2,2,6,5,2,0,0
20,0,0,2,2,6,6,2,2,2
20,0,0,2,2,6,7,2,0,0
20,0,0,2,2,6,8,2,4,4
20,0,0,2,2,6,9,2,0,0
20,0,0,2,3,5,10,2,1,1
20,0,0,2,3,5,2,2,0,0
20,0,0,2,3,5,3,2,0,0
20,0,0,2,3,5,4,2,0,0
20,0,0,2,3,5,5,2,0,0
20,0,0,2,3,5,6,2,3,3
20,0,0,2,3,5,7,2,0,0
20,0,0,2,3,5,8,2,4,4
20,0,0,2,3,5,9,2,0,0
20,0,0,2,4,4,10,2,1,1
20,0,0,2,4,4,2,2,0,0
20,0,0,2,4,4,3,2,0,0
20,0,0,2,4,4,4,2,0,0
20,0,0,2,4,4,5,2,0,0
20,0,0,2,4,4,6,2,3,3
20,0,0,2,4,4,7,2,0,0
20,0,0,2,4,4,8,2,4,4
20,0,0,2,4,4,9,2,0,0
20,0,0,3,3,4,10,2,1,1
20,0,0,3,3,4,2,2,0,0
20,0,0,3,3,4,3,2,0,0
20,0,0,3,3,4,4,2,0,0
20,0,0,3,3,4,5,2,0,0
20,0,0,3,3,4,6,2,4,4
20,0,0,3,3,4,7,2,0,0
20,0,0,3,3,4,8,2,4,4
20,0,0,3,3,4,9,2,0,0
20,0,2,0,0,7,2,2,0,0
20,0,2,0,0,7,3,2,0,0
20,0,2,0,0,7,4,2,0,0
20,0,2,0,0,7,5,2,0,0
20,0,2,0,0,7,6,2,0,0
20,0,2,0,0,7,7,2,0,0
20,0,2,0,0,7,8,2,2,2
20,0,2,0,0,7,9,2,0,0
20,0,2,0,1,6,2,2,0,0
20,0,2,0,1,6,3,2,0,0
20,0,2,0,1,6,4,2,0,0
20,0,2,0,1,6,5,2,0,0
20,0,2,0,1,6,6,2,4,4
20,0,2,0,1,6,7,2,0,0
20,0,2,0,1,6,8,2,3,3
20,0,2,0,1,6,9,2,0,0
20,0,2,0,2,5,2,2,0,0
20,0,2,0,2,5,3,2,0,0
20,0,2,0,2,5,4,2,0,0
20,0,2,0,2,5,5,2,0,0
20,0,2,0,2,5,6,2,8,8
20,0,2,0,2,5,7,2,0,0
20,0,2,0,2,5,8,2,3,3
20,0,2,0,2,5,9,2,0,0
20,0,2,0,3,4,2,2,0,0
20,0,2,0,3,4,3,2,0,0
20,0,2,0,3,4,4,2,0,0
20,0,2,0,3,4,5,2,0,0
20,0,2,0,3,4,6,2,9,9
20,0,2,0,3,4,7,2,0,0
20,0,2,0,3,4,8,2,3,3
20,0,2,0,3,4,9,2,0,0
20,0,2,1,1,5,2,2,0,0
20,0,2,1,1,5,3,2,0,0
20,0,2,1,1,5,4,2,0,0
20,0,2,1,1,5,5,2,0,0
20,0,2,1,1,5,6,2,24,24
20,0,2,1,1,5,7,2,0,0
20,0,2,1,1,5,8,2,4,4
20,0,2,1,1,5,9,2,0,0
20,0,2,1,2,4,2,2,0,0
20,0,2,1,2,4,3,2,0,0
20,0,2,1,2,4,4,2,3,3
20,0,2,1,2,4,5,2,0,0
20,0,2,1,2,4,6,2,39,39
20,0,2,1,2,4,7,2,0,0
20,0,2,1,2,4,8,2,4,4
20,0,2,1,2,4,9,2,0,0
20,0,2,1,3,3,2,2,0,0
20,0,2,1,3,3,3,2,0,0
20,0,2,1,3,3,4,2,5,5
20,0,2,1,3,3,5,2,0,0
20,0,2,1,3,3,6,2,42,42
20,0,2,1,3,3,7,2,0,0
20,0,2,1,3,3,8,2,4,4
20,0,2,1,3,3,9,2,0,0
20,0,2,2,2,3,2,2,0,0
20,0,2,2,2,3,3,2,0,0
20,0,2,2,2,3,4,2,13,13
20,0,2,2,2,3,5,2,0,0
20,0,2,2,2,3,6,2,58,58
20,0,2,2,2,3,7,2,0,0
20,0,2,2,2,3,8,2,4,4
20,0,2,2,2,3,9,2,0,0
20,0,4,0,0,4,2,2,0,0
20,0,4,0,0,4,3,2,0,0
20,0,4,0,0,4,4,2,3,3
20,0,4,0,0,4,5,2,0,0
20,0,4,0,0,4,6,2,2,2
20,0,4,0,0,4,7,2,0,0
20,0,4,0,0,4,8,2,0,0
20,0,4,0,1,3,2,2,0,0
20,0,4,0,1,3,3,2,0,0
20,0,4,0,1,3,4,2,12,12
20,0,4,0,1,3,5,2,0,0
20,0,4,0,1,3,6,2,3,3
20,0,4,0,1,3,7,2,0,0
20,0,4,0,1,3,8,2,0,0
20,0,4,0,2,2,2,2,0,0
20,0,4,0,2,2,3,2,0,0
20,0,4,0,2,2,4,2,18,18
20,0,4,0,2,2,5,2,0,0
20,0,4,0,2,2,6,2,3,3
20,0,4,0,2,2,7,2,0,0
20,0,4,0,2,2,8,2,0,0
20,0,4,1,1,2,2,2,1,1
20,0,4,1,1,2,3,2,0,0
20,0,4,1,1,2,4,2,37,37
20,0,4,1,1,2,5,2,0,0
20,0,4,1,1,2,6,2,4,4
20,0,4,1,1,2,7,2,0,0
20,0,4,1,1,2,8,2,0,0
20,0,6,0,0,1,2,2,1,1
20,0,6,0,0,1,3,2,0,0
20,0,6,0,0,1,4,2,0,0
20,0,6,0,0,1,5,2,0,0
20,0,6,0,0,1,6,2,0,0
20,0,6,0,0,1,7,2,0,0
20,1,1,0,0,7,2,2,0,0
20,1,1,0,0,7,3,2,0,0
20,1,1,0,0,7,4,2,0,0
20,1,1,0,0,7,5,2,0,0
20,1,1,0,0,7,6,2,0,0
20,1,1,0,0,7,7,2,0,0
20,1,1,0,0,7,8,2,3,3
20,1,1,0,0,7,9,2,0,0
20,1,1,0,1,6,2,2,0,0
20,1,1,0,1,6,3,2,0,0
20,1,1,0,1,6,4,2,0,0
20,1,1,0,1,6,5,2,0,0
20,1,1,0,1,6,6,2,5,5
20,1,1,0,1,6,7,2,0,0
20,1,1,0,1,6,8,2,6,6
20,1,1,0,1,6,9,2,0,0
20,1,1,0,2,5,2,2,0,0
20,1,1,0,2,5,3,2,0,0
20,1,1,0,2,5,4,2,0,0
20,1,1,0,2,5,5,2,0,0
20,1,1,0,2,5,6,2,12,12
20,1,1,0,2,5,7,2,0,0
20,1,1,0,2,5,8,2,6,6
20,1,1,0,2,5,9,2,0,0
20,1,1,0,3,4,2,2,0,0
20,1,1,0,3,4,3,2,0,0
20,1,1,0,3,4,4,2,0,0
20,1,1,0,3,4,5,2,0,0
20,1,1,0,3,4,6,2,13,13
20,1,1,0,3,4,7,2,0,0
20,1,1,0,3,4,8,2,6,6
20,1,1,0,3,4,9,2,0,0
20,1,1,1,1,5,2,2,0,0
20,1,1,1,1,5,3,2,0,0
20,1,1,1,1,5,4,2,0,0
20,1,1,1,1,5,5,2,0,0
20,1,1,1,1,5,6,2,36,36
20,1,1,1,1,5,7,2,0,0
20,1,1,1,1,5,8,2,10,10
20,1,1,1,1,5,9,2,0,0
20,1,1,1,2,4,2,2,0,0
20,1,1,1,2,4,3,2,0,0
20,1,1,1,2,4,4,2,4,4
20,1,1,1,2,4,5,2,0,0
20,1,1,1,2,4,6,2,63,63
20,1,1,1,2,4,7,2,0,0
20,1,1,1,2,4,8,2,10,10
20,1,1,1,2,4,9,2,0,0
20,1,1,1,3,3,2,2,0,0
20,1,1,1,3,3,3,2,0,0
20,1,1,1,3,3,4,2,7,7
20,1,1,1,3,3,5,2,0,0
20,1,1,1,3,3,6,2,67,67
20,1,1,1,3,3,7,2,0,0
20,1,1,1,3,3,8,2,10,10
20,1,1,1,3,3,9,2,0,0
20,1,1,2,2,3,2,2,0,0
20,1,1,2,2,3,3,2,0,0
20,1,1,2,2,3,4,2,19,19
20,1,1,2,2,3,5,2,0,0
20,1,1,2,2,3,6,2,100,100
20,1,1,2,2,3,7,2,0,0
20,1,1,2,2,3,8,2,10,10
20,1,1,2,2,3,9,2,0,0
20,1,3,0,0,4,2,2,0,0
20,1,3,0,0,4,3,2,0,0
20,1,3,0,0,4,4,2,4,4
20,1,3,0,0,4,5,2,0,0
20,1,3,0,0,4,6,2,8,8
20,1,3,0,0,4,7,2,0,0
20,1,3,0,0,4,8,2,0,0
20,1,3,0,1,3,2,2,0,0
20,1,3,0,1,3,3,2,0,0
20,1,3,0,1,3,4,2,25,25
20,1,3,0,1,3,5,2,0,0
20,1,3,0,1,3,6,2,14,14
20,1,3,0,1,3,7,2,0,0
20,1,3,0,1,3,8,2,0,0
20,1,3,0,2,2,2,2,0,0
20,1,3,0,2,2,3,2,0,0
20,1,3,0,2,2,4,2,39,39
20,1,3,0,2,2,5,2,0,0
20,1,3,0,2,2,6,2,15,15
20,1,3,0,2,2,7,2,0,0
20,1,3,0,2,2,8,2,0,0
20,1,3,1,1,2,2,2,1,1
20,1,3,1,1,2,3,2,0,0
20,1,3,1,1,2,4,2,92,92
20,1,3,1,1,2,5,2,0,0
20,1,3,1,1,2,6,2,22,22
20,1,3,1,1,2,7,2,0,0
20,1,3,1,1,2,8,2,0,0
20,1,5,0,0,1,2,2,2,2
20,1,5,0,0,1,3,2,0,0
20,1,5,0,0,1,4,2,3,3
20,1,5,0,0,1,5,2,0,0
20,1,5,0,0,1,6,2,0,0
20,1,5,0,0,1,7,2,0,0
20,2,2,0,0,4,2,2,0,0
20,2,2,0,0,4,3,2,0,0
20,2,2,0,0,4,4,2,5,5
20,2,2,0,0,4,5,2,0,0
20,2,2,0,0,4,6,2,9,9
20,2,2,0,0,4,7,2,0,0
20,2,2,0,0,4,8,2,0,0
20,2,2,0,1,3,2,2,0,0
20,2,2,0,1,3,3,2,0,0
20,2,2,0,1,3,4,2,30,30
20,2,2,0,1,3,5,2,0,0
20,2,2,0,1,3,6,2,17,17
20,2,2,0,1,3,7,2,0,0
20,2,2,0,1,3,8,2,0,0
20,2,2,0,2,2,2,2,0,0
20,2,2,0,2,2,3,2,0,0
20,2,2,0,2,2,4,2,49,49
20,2,2,0,2,2,5,2,0,0
20,2,2,0,2,2,6,2,18,18
20,2,2,0,2,2,7,2,0,0
20,2,2,0,2,2,8,2,0,0
20,2,2,1,1,2,2,2,1,1
20,2,2,1,1,2,3,2,0,0
20,2,2,1,1,2,4,2,114,114
20,2,2,1,1,2,5,2,0,0
20,2,2,1,1,2,6,2,28,28
20,2,2,1,1,2,7,2,0,0
20,2,2,1,1,2,8,2,0,0
20,2,4,0,0,1,2,2,2,2
20,2,4,0,0,1,3,2,0,0
20,2,4,0,0,1,4,2,7,7
20,2,4,0,0,1,5,2,0,0
20,2,4,0,0,1,6,2,0,0
20,2,4,0,0,1,7,2,0,0
20,3,3,0,0,1,2,2,2,2
20,3,3,0,0,1,3,2,0,0
20,3,3,0,0,1,4,2,9,9
20,3,3,0,0,1,5,2,0,0
20,3,3,0,0,1,6,2,0,0
20,3,3,0,0,1,7,2,0,0
21,0,1,0,0,9,10,2,1,1
21,0,1,0,0,9,2,2,0,0
21,0,1,0,0,9,3,2,0,0
21,0,1,0,0,9,4,2,0,0
21,0,1,0,0,9,5,2,0,0
21,0,1,0,0,9,6,2,0,0
21,0,1,0,0,9,7,2,0,0
21,0,1,0,0,9,8,2,0,0
21,0,1,0,0,9,9,2,0,0
21,0,1,0,1,8,10,2,1,1
21,0,1,0,1,8,2,2,0,0
21,0,1,0,1,8,3,2,0,0
21,0,1,0,1,8,4,2,0,0
21,0,1,0,1,8,5,2,0,0
21,0,1,0,1,8,6,2,0,0
21,0,1,0,1,8,7,2,0,0
21,0,1,0,1,8,8,2,2,2
21,0,1,0,1,8,9,2,0,0
21,0,1,0,2,7,10,2,1,1
21,0,1,0,2,7,2,2,0,0
21,0,1,0,2,7,3,2,0,0
21,0,1,0,2,7,4,2,0,0
21,0,1,0,2,7,5,2,0,0
21,0,1,0,2,7,6,2,0,0
21,0,1,0,2,7,7,2,0,0
21,0,1,0,2,7,8,2,3,3
21,0,1,0,2,7,9,2,0,0
21,0,1,0,3,6,10,2,1,1
21,0,1,0,3,6,2,2,0,0
21,0,1,0,3,6,3,2,0,0
21,0,1,0,3,6,4,2,0,0
21,0,1,0,3,6,5,2,0,0
21,0,1,0,3,6,6,2,0,0
21,0,1,0,3,6,7,2,0,0
21,0,1,0,3,6,8,2,3,3
21,0,1,0,3,6,9,2,0,0
21,0,1,0,4,5,10,2,1,1
21,0,1,0,4,5,2,2,0,0
21,0,1,0,4,5,3,2,0,0
21,0,1,0,4,5,4,2,0,0
21,0,1,0,4,5,5,2,0,0
21,0,1,0,4,5,6,2,0,0
21,0,1,0,4,5,7,2,0,0
21,0,1,0,4,5,8,2,3,3
21,0,1,0,4,5,9,2,0,0
21,0,1,1,1,7,10,2,1,1
21,0,1,1,1,7,2,2,0,0
21,0,1,1,1,7,3,2,0,0
21,0,1,1,1,7,4,2,0,0
21,0,1,1,1,7,5,2,0,0
21,0,1,1,1,7,6,2,0,0
21,0,1,1,1,7,7,2,0,0
21,0,1,1,1,7,8,2,10,10
21,0,1,1,1,7,9,2,0,0
21,0,1,1,2,6,10,2,1,1
21,0,1,1,2,6,2,2,0,0
21,0,1,1,2,6,3,2,0,0
21,0,1,1,2,6,4,2,0,0
21,0,1,1,2,6,5,2,0,0
21,0,1,1,2,6,6,2,4,4
21,0,1,1,2,6,7,2,0,0
21,0,1,1,2,6,8,2,13,13
21,0,1,1,2,6,9,2,0,0
21,0,1,1,3,5,10,2,1,1
21,0,1,1,3,5,2,2,0,0
21,0,1,1,3,5,3,2,0,0
21,0,1,1,3,5,4,2,0,0
21,0,1,1,3,5,5,2,0,0
21,0,1,1,3,5,6,2,6,6
21,0,1,1,3,5,7,2,0,0
21,0,1,1,3,5,8,2,13,13
21,0,1,1,3,5,9,2,0,0
21,0,1,1,4,4,10,2,1,1
21,0,1,1,4,4,2,2,0,0
21,0,1,1,4,4,3,2,0,0
21,0,1,1,4,4,4,2,0,0
21,0,1,1,4,4,5,2,0,0
21,0,1,1,4,4,6,2,6,6
21,0,1,1,4,4,7,2,0,0
21,0,1,1,4,4,8,2,13,13
21,0,1,1,4,4,9,2,0,0
21,0,1,2,2,5,10,2,1,1
21,0,1,2,2,5,2,2,0,0
21,0,1,2,2,5,3,2,0,0
21,0,1,2,2,5,4,2,0,0
21,0,1,2,2,5,5,2,0,0
21,0,1,2,2,5,6,2,18,18
21,0,1,2,2,5,7,2,0,0
21,0,1,2,2,5,8,2,16,16
21,0,1,2,2,5,9,2,0,0
21,0,1,2,3,4,10,2,1,1
21,0,1,2,3,4,2,2,0,0
21,0,1,2,3,4,3,2,0,0
21,0,1,2,3,4,4,2,0,0
21,0,1,2,3,4,5,2,0,0
21,0,1,2,3,4,6,2,24,24
21,0,1,2,3,4,7,2,0,0
21,0,1,2,3,4,8,2,16,16
21,0,1,2,3,4,9,2,0,0
21,0,1,3,3,3,10,2,1,1
21,0,1,3,3,3,2,2,0,0
21,0,1,3,3,3,3,2,0,0
21,0,1,3,3,3,4,2,0,0
21,0,1,3,3,3,5,2,0,0
21,0,1,3,3,3,6,2,30,30
21,0,1,3,3,3,7,2,0,0
21,0,1,3,3,3,8,2,16,16
21,0,1,3,3,3,9,2,0,0
21,0,3,0,0,6,2,2,0,0
21,0,3,0,0,6,3,2,0,0
21,0,3,0,0,6,4,2,0,0
21,0,3,0,0,6,5,2,0,0
21,0,3,0,0,6,6,2,3,3
21,0,3,0,0,6,7,2,0,0
21,0,3,0,0,6,8,2,1,1
21,0,3,0,0,6,9,2,0,0
21,0,3,0,1,5,2,2,0,0
21,0,3,0,1,5,3,2,0,0
21,0,3,0,1,5,4,2,0,0
21,0,3,0,1,5,5,2,0,0
21,0,3,0,1,5,6,2,13,13
21,0,3,0,1,5,7,2,0,0
21,0,3,0,1,5,8,2,1,1
21,0,3,0,1,5,9,2,0,0
21,0,3,0,2,4,2,2,0,0
21,0,3,0,2,4,3,2,0,0
21,0,3,0,2,4,4,2,2,2
21,0,3,0,2,4,5,2,0,0
21,0,3,0,2,4,6,2,19,19
21,0,3,0,2,4,7,2,0,0
21,0,3,0,2,4,8,2,1,1
21,0,3,0,2,4,9,2,0,0
21,0,3,0,3,3,2,2,0,0
21,0,3,0,3,3,3,2,0,0
21,0,3,0,3,3,4,2,3,3
21,0,3,0,3,3,5,2,0,0
21,0,3,0,3,3,6,2,21,21
21,0,3,0,3,3,7,2,0,0
21,0,3,0,3,3,8,2,1,1
21,0,3,0,3,3,9,2,0,0
21,0,3,1,1,4,2,2,0,0
21,0,3,1,1,4,3,2,0,0
21,0,3,1,1,4,4,2,8,8
21,0,3,1,1,4,5,2,0,0
21,0,3,1,1,4,6,2,42,42
21,0,3,1,1,4,7,2,0,0
21,0,3,1,1,4,8,2,1,1
21,0,3,1,1,4,9,2,0,0
21,0,3,1,2,3,2,2,0,0
21,0,3,1,2,3,3,2,0,0
21,0,3,1,2,3,4,2,23,23
21,0,3,1,2,3,5,2,0,0
21,0,3,1,2,3,6,2,56,56
21,0,3,1,2,3,7,2,0,0
21,0,3,1,2,3,8,2,1,1
21,0,3,1,2,3,9,2,0,0
21,0,3,2,2,2,2,2,0,0
21,0,3,2,2,2,3,2,0,0
21,0,3,2,2,2,4,2,43,43
21,0,3,2,2,2,5,2,0,0
21,0,3,2,2,2,6,2,68,68
21,0,3,2,2,2,7,2,0,0
21,0,3,2,2,2,8,2,1,1
21,0,3,2,2,2,9,2,0,0
21,0,5,0,0,3,2,2,0,0
21,0,5,0,0,3,3,2,0,0
21,0,5,0,0,3,4,2,5,5
21,0,5,0,0,3,5,2,0,0
21,0,5,0,0,3,6,2,0,0
21,0,5,0,0,3,7,2,0,0
21,0,5,0,0,3,8,2,0,0
21,0,5,0,1,2,2,2,1,1
21,0,5,0,1,2,3,2,0,0
21,0,5,0,1,2,4,2,12,12
21,0,5,0,1,2,5,2,0,0
21,0,5,0,1,2,6,2,0,0
21,0,5,0,1,2,7,2,0,0
21,0,5,0,1,2,8,2,0,0
21,0,5,1,1,1,2,2,3,3
21,0,5,1,1,1,3,2,0,0
21,0,5,1,1,1,4,2,22,22
21,0,5,1,1,1,5,2,0,0
21,0,5,1,1,1,6,2,0,0
21,0,5,1,1,1,7,2,0,0
21,0,5,1,1,1,8,2,0,0
21,0,7,0,0,0,2,2,0,0
21,0,7,0,0,0,3,2,0,0
21,0,7,0,0,0,4,2,0,0
21,0,7,0,0,0,5,2,0,0
21,0,7,0,0,0,6,2,0,0
21,0,7,0,0,0,7,2,0,0
21,1,2,0,0,6,2,2,0,0
21,1,2,0,0,6,3,2,0,0
21,1,2,0,0,6,4,2,0,0
21,1,2,0,0,6,5,2,0,0
21,1,2,0,0,6,6,2,4,4
21,1,2,0,0,6,7,2,0,0
21,1,2,0,0,6,8,2,3,3
21,1,2,0,0,6,9,2,0,0
21,1,2,0,1,5,2,2,0,0
21,1,2,0,1,5,3,2,0,0
21,1,2,0,1,5,4,2,0,0
21,1,2,0,1,5,5,2,0,0
21,1,2,0,1,5,6,2,24,24
21,1,2,0,1,5,7,2,0,0
21,1,2,0,1,5,8,2,4,4
21,1,2,0,1,5,9,2,0,0
21,1,2,0,2,4,2,2,0,0
21,1,2,0,2,4,3,2,0,0
21,1,2,0,2,4,4,2,3,3
21,1,2,0,2,4,5,2,0,0
21,1,2,0,2,4,6,2,39,39
21,1,2,0,2,4,7,2,0,0
21,1,2,0,2,4,8,2,4,4
21,1,2,0,2,4,9,2,0,0
21,1,2,0,3,3,2,2,0,0
21,1,2,0,3,3,3,2,0,0
21,1,2,0,3,3,4,2,5,5
21,1,2,0,3,3,5,2,0,0
21,1,2,0,3,3,6,2,42,42
21,1,2,0,3,3,7,2,0,0
21,1,2,0,3,3,8,2,4,4
21,1,2,0,3,3,9,2,0,0
21,1,2,1,1,4,2,2,0,0
21,1,2,1,1,4,3,2,0,0
21,1,2,1,1,4,4,2,12,12
21,1,2,1,1,4,5,2,0,0
21,1,2,1,1,4,6,2,92,92
21,1,2,1,1,4,7,2,0,0
21,1,2,1,1,4,8,2,5,5
21,1,2,1,1,4,9,2,0,0
21,1,2,1,2,3,2,2,0,0
21,1,2,1,2,3,3,2,0,0
21,1,2,1,2,3,4,2,40,40
21,1,2,1,2,3,5,2,0,0
21,1,2,1,2,3,6,2,131,131
21,1,2,1,2,3,7,2,0,0
21,1,2,1,2,3,8,2,5,5
21,1,2,1,2,3,9,2,0,0
21,1,2,2,2,2,2,2,0,0
21,1,2,2,2,2,3,2,0,0
21,1,2,2,2,2,4,2,79,79
21,1,2,2,2,2,5,2,0,0
21,1,2,2,2,2,6,2,170,170
21,1,2,2,2,2,7,2,0,0
21,1,2,2,2,2,8,2,5,5
21,1,2,2,2,2,9,2,0,0
21,1,4,0,0,3,2,2,0,0
21,1,4,0,0,3,3,2,0,0
21,1,4,0,0,3,4,2,12,12
21,1,4,0,0,3,5,2,0,0
21,1,4,0,0,3,6,2,3,3
21,1,4,0,0,3,7,2,0,0
21,1,4,0,0,3,8,2,0,0
21,1,4,0,1,2,2,2,1,1
21,1,4,0,1,2,3,2,0,0
21,1,4,0,1,2,4,2,37,37
21,1,4,0,1,2,5,2,0,0
21,1,4,0,1,2,6,2,4,4
21,1,4,0,1,2,7,2,0,0
21,1,4,0,1,2,8,2,0,0
21,1,4,1,1,1,2,2,4,4
21,1,4,1,1,1,3,2,0,0
21,1,4,1,1,1,4,2,76,76
21,1,4,1,1,1,5,2,0,0
21,1,4,1,1,1,6,2,5,5
21,1,4,1,1,1,7,2,0,0
21,1,4,1,1,1,8,2,0,0
21,1,6,0,0,0,2,2,1,1
21,1,6,0,0,0,3,2,0,0
21,1,6,0,0,0,4,2,0,0
21,1,6,0,0,0,5,2,0,0
21,1,6,0,0,0,6,2,0,0
21,1,6,0,0,0,7,2,0,0
21,2,3,0,0,3,2,2,0,0
21,2,3,0,0,3,3,2,0,0
21,2,3,0,0,3,4,2,16,16
21,2,3,0,0,3,5,2,0,0
21,2,3,0,0,3,6,2,5,5
21,2,3,0,0,3,7,2,0,0
21,2,3,0,0,3,8,2,0,0
21,2,3,0,1,2,2,2,1,1
21,2,3,0,1,2,3,2,0,0
21,2,3,0,1,2,4,2,53,53
21,2,3,0,1,2,5,2,0,0
21,2,3,0,1,2,6,2,7,7
21,2,3,0,1,2,7,2,0,0
21,2,3,0,1,2,8,2,0,0
21,2,3,1,1,1,2,2,4,4
21,2,3,1,1,1,3,2,0,0
21,2,3,1,1,1,4,2,113,113
21,2,3,1,1,1,5,2,0,0
21,2,3,1,1,1,6,2,9,9
21,2,3,1,1,1,7,2,0,0
21,2,3,1,1,1,8,2,0,0
21,2,5,0,0,0,2,2,1,1
21,2,5,0,0,0,3,2,0,0
21,2,5,0,0,0,4,2,1,1
21,2,5,0,0,0,5,2,0,0
21,2,5,0,0,0,6,2,0,0
21,2,5,0,0,0,7,2,0,0
21,3,4,0,0,0,2,2,1,1
21,3,4,0,0,0,3,2,0,0
21,3,4,0,0,0,4,2,2,2
21,3,4,0,0,0,5,2,0,0
21,3,4,0,0,0,6,2,0,0
21,3,4,0,0,0,7,2,0,0
22,0,0,0,0,11,10,2,0,0
22,0,0,0,0,11,11,2,0,0
22,0,0,0,0,11,2,2,0,0
22,0,0,0,0,11,3,2,0,0
22,0,0,0,0,11,4,2,0,0
22,0,0,0,0,11,5,2,0,0
22,0,0,0,0,11,6,2,0,0
22,0,0,0,0,11,7,2,0,0
22,0,0,0,0,11,8,2,0,0
22,0,0,0,0,11,9,2,0,0
22,0,0,0,1,10,10,2,1,1
22,0,0,0,1,10,11,2,0,0
22,0,0,0,1,10,2,2,0,0
22,0,0,0,1,10,3,2,0,0
22,0,0,0,1,10,4,2,0,0
22,0,0,0,1,10,5,2,0,0
22,0,0,0,1,10,6,2,0,0
22,0,0,0,1,10,7,2,0,0
22,0,0,0,1,10,8,2,0,0
22,0,0,0,1,10,9,2,0,0
22,0,0,0,2,9,10,2,1,1
22,0,0,0,2,9,11,2,0,0
22,0,0,0,2,9,2,2,0,0
22,0,0,0,2,9,3,2,0,0
22,0,0,0,2,9,4,2,0,0
22,0,0,0,2,9,5,2,0,0
22,0,0,0,2,9,6,2,0,0
22,0,0,0,2,9,7,2,0,0
22,0,0,0,2,9,8,2,0,0
22,0,0,0,2,9,9,2,0,0
22,0,0,0,3,8,10,2,1,1
22,0,0,0,3,8,11,2,0,0
22,0,0,0,3,8,2,2,0,0
22,0,0,0,3,8,3,2,0,0
22,0,0,0,3,8,4,2,0,0
22,0,0,0,3,8,5,2,0,0
22,0,0,0,3,8,6,2,0,0
22,0,0,0,3,8,7,2,0,0
22,0,0,0,3,8,8,2,0,0
22,0,0,0,3,8,9,2,0,0
22,0,0,0,4,7,10,2,1,1
22,0,0,0,4,7,11,2,0,0
22,0,0,0,4,7,2,2,0,0
22,0,0,0,4,7,3,2,0,0
22,0,0,0,4,7,4,2,0,0
22,0,0,0,4,7,5,2,0,0
22,0,0,0,4,7,6,2,0,0
22,0,0,0,4,7,7,2,0,0
22,0,0,0,4,7,8,2,0,0
22,0,0,0,4,7,9,2,0,0
22,0,0,0,5,6,10,2,1,1
22,0,0,0,5,6,11,2,0,0
22,0,0,0,5,6,2,2,0,0
22,0,0,0,5,6,3,2,0,0
22,0,0,0,5,6,4,2,0,0
22,0,0,0,5,6,5,2,0,0
22,0,0,0,5,6,6,2,0,0
22,0,0,0,5,6,7,2,0,0
22,0,0,0,5,6,8,2,0,0
22,0,0,0,5,6,9,2,0,0
22,0,0,1,1,9,10,2,3,3
22,0,0,1,1,9,11,2,0,0
22,0,0,1,1,9,2,2,0,0
22,0,0,1,1,9,3,2,0,0
22,0,0,1,1,9,4,2,0,0
22,0,0,1,1,9,5,2,0,0
22,0,0,1,1,9,6,2,0,0
22,0,0,1,1,9,7,2,0,0
22,0,0,1,1,9,8,2,0,0
22,0,0,1,1,9,9,2,0,0
22,0,0,1,2,8,10,2,3,3
22,0,0,1,2,8,11,2,0,0
22,0,0,1,2,8,2,2,0,0
22,0,0,1,2,8,3,2,0,0
22,0,0,1,2,8,4,2,0,0
22,0,0,1,2,8,5,2,0,0
22,0,0,1,2,8,6,2,0,0
22,0,0,1,2,8,7,2,0,0
22,0,0,1,2,8,8,2,1,1
22,0,0,1,2,8,9,2,0,0
22,0,0,1,3,7,10,2,3,3
22,0,0,1,3,7,11,2,0,0
22,0,0,1,3,7,2,2,0,0
22,0,0,1,3,7,3,2,0,0
22,0,0,1,3,7,4,2,0,0
22,0,0,1,3,7,5,2,0,0
22,0,0,1,3,7,6,2,0,0
22,0,0,1,3,7,7,2,0,0
22,0,0,1,3,7,8,2,1,1
22,0,0,1,3,7,9,2,0,0
22,0,0,1,4,6,10,2,3,3
22,0,0,1,4,6,11,2,0,0
22,0,0,1,4,6,2,2,0,0
22,0,0,1,4,6,3,2,0,0
22,0,0,1,4,6,4,2,0,0
22,0,0,1,4,6,5,2,0,0
22,0,0,1,4,6,6,2,0,0
22,0,0,1,4,6,7,2,0,0
22,0,0,1,4,6,8,2,1,1
22,0,0,1,4,6,9,2,0,0
22,0,0,1,5,5,10,2,3,3
22,0,0,1,5,5,11,2,0,0
22,0,0,1,5,5,2,2,0,0
22,0,0,1,5,5,3,2,0,0
22,0,0,1,5,5,4,2,0,0
22,0,0,1,5,5,5,2,0,0
22,0,0,1,5,5,6,2,0,0
22,0,0,1,5,5,7,2,0,0
22,0,0,1,5,5,8,2,1,1
22,0,0,1,5,5,9,2,0,0
22,0,0,2,2,7,10,2,3,3
22,0,0,2,2,7,11,2,0,0
22,0,0,2,2,7,2,2,0,0
22,0,0,2,2,7,3,2,0,0
22,0,0,2,2,7,4,2,0,0
22,0,0,2,2,7,5,2,0,0
22,0,0,2,2,7,6,2,0,0
22,0,0,2,2,7,7,2,0,0
22,0,0,2,2,7,8,2,4,4
22,0,0,2,2,7,9,2,0,0
22,0,0,2,3,6,10,2,3,3
22,0,0,2,3,6,11,2,0,0
22,0,0,2,3,6,2,2,0,0
22,0,0,2,3,6,3,2,0,0
22,0,0,2,3,6,4,2,0,0
22,0,0,2,3,6,5,2,0,0
22,0,0,2,3,6,6,2,1,1
22,0,0,2,3,6,7,2,0,0
22,0,0,2,3,6,8,2,4,4
22,0,0,2,3,6,9,2,0,0
22,0,0,2,4,5,10,2,3,3
22,0,0,2,4,5,11,2,0,0
22,0,0,2,4,5,2,2,0,0
22,0,0,2,4,5,3,2,0,0
22,0,0,2,4,5,4,2,0,0
22,0,0,2,4,5,5,2,0,0
22,0,0,2,4,5,6,2,1,1
22,0,0,2,4,5,7,2,0,0
22,0,0,2,4,5,8,2,4,4
22,0,0,2,4,5,9,2,0,0
22,0,0,3,3,5,10,2,3,3
22,0,0,3,3,5,11,2,0,0
22,0,0,3,3,5,2,2,0,0
22,0,0,3,3,5,3,2,0,0
22,0,0,3,3,5,4,2,0,0
22,0,0,3,3,5,5,2,0,0
22,0,0,3,3,5,6,2,3,3
22,0,0,3,3,5,7,2,0,0
22,0,0,3,3,5,8,2,4,4
22,0,0,3,3,5,9,2,0,0
22,0,0,3,4,4,10,2,3,3
22,0,0,3,4,4,11,2,0,0
22,0,0,3,4,4,2,2,0,0
22,0,0,3,4,4,3,2,0,0
22,0,0,3,4,4,4,2,0,0
22,0,0,3,4,4,5,2,0,0
22,0,0,3,4,4,6,2,3,3
22,0,0,3,4,4,7,2,0,0
22,0,0,3,4,4,8,2,4,4
22,0,0,3,4,4,9,2,0,0
22,0,2,0,0,8,10,2,0,0
22,0,2,0,0,8,2,2,0,0
22,0,2,0,0,8,3,2,0,0
22,0,2,0,0,8,4,2,0,0
22,0,2,0,0,8,5,2,0,0
22,0,2,0,0,8,6,2,0,0
22,0,2,0,0,8,7,2,0,0
22,0,2,0,0,8,8,2,2,2
22,0,2,0,0,8,9,2,0,0
22,0,2,0,1,7,10,2,0,0
22,0,2,0,1,7,2,2,0,0
22,0,2,0,1,7,3,2,0,0
22,0,2,0,1,7,4,2,0,0
22,0,2,0,1,7,5,2,0,0
22,0,2,0,1,7,6,2,0,0
22,0,2,0,1,7,7,2,0,0
22,0,2,0,1,7,8,2,7,7
22,0,2,0,1,7,9,2,0,0
22,0,2,0,2,6,10,2,0,0
22,0,2,0,2,6,2,2,0,0
22,0,2,0,2,6,3,2,0,0
22,0,2,0,2,6,4,2,0,0
22,0,2,0,2,6,5,2,0,0
22,0,2,0,2,6,6,2,2,2
22,0,2,0,2,6,7,2,0,0
22,0,2,0,2,6,8,2,9,9
22,0,2,0,2,6,9,2,0,0
22,0,2,0,3,5,10,2,0,0
22,0,2,0,3,5,2,2,0,0
22,0,2,0,3,5,3,2,0,0
22,0,2,0,3,5,4,2,0,0
22,0,2,0,3,5,5,2,0,0
22,0,2,0,3,5,6,2,3,3
22,0,2,0,3,5,7,2,0,0
22,0,2,0,3,5,8,2,9,9
22,0,2,0,3,5,9,2,0,0
22,0,2,0,4,4,10,2,0,0
22,0,2,0,4,4,2,2,0,0
22,0,2,0,4,4,3,2,0,0
22,0,2,0,4,4,4,2,0,0
22,0,2,0,4,4,5,2,0,0
22,0,2,0,4,4,6,2,3,3
22,0,2,0,4,4,7,2,0,0
22,0,2,0,4,4,8,2,9,9
22,0,2,0,4,4,9,2,0,0
22,0,2,1,1,6,10,2,0,0
22,0,2,1,1,6,2,2,0,0
22,0,2,1,1,6,3,2,0,0
22,0,2,1,1,6,4,2,0,0
22,0,2,1,1,6,5,2,0,0
22,0,2,1,1,6,6,2,10,10
22,0,2,1,1,6,7,2,0,0
22,0,2,1,1,6,8,2,18,18
22,0,2,1,1,6,9,2,0,0
22,0,2,1,2,5,10,2,0,0
22,0,2,1,2,5,2,2,0,0
22,0,2,1,2,5,3,2,0,0
22,0,2,1,2,5,4,2,0,0
22,0,2,1,2,5,5,2,0,0
22,0,2,1,2,5,6,2,30,30
22,0,2,1,2,5,7,2,0,0
22,0,2,1,2,5,8,2,21,21
22,0,2,1,2,5,9,2,0,0
22,0,2,1,3,4,10,2,0,0
22,0,2,1,3,4,2,2,0,0
22,0,2,1,3,4,3,2,0,0
22,0,2,1,3,4,4,2,0,0
22,0,2,1,3,4,5,2,0,0
22,0,2,1,3,4,6,2,39,39
22,0,2,1,3,4,7,2,0,0
22,0,2,1,3,4,8,2,21,21
22,0,2,1,3,4,9,2,0,0
22,0,2,2,2,4,10,2,0,0
22,0,2,2,2,4,2,2,0,0
22,0,2,2,2,4,3,2,0,0
22,0,2,2,2,4,4,2,2,2
22,0,2,2,2,4,5,2,0,0
22,0,2,2,2,4,6,2,71,71
22,0,2,2,2,4,7,2,0,0
22,0,2,2,2,4,8,2,24,24
22,0,2,2,2,4,9,2,0,0
22,0,2,2,3,3,10,2,0,0
22,0,2,2,3,3,2,2,0,0
22,0,2,2,3,3,3,2,0,0
22,0,2,2,3,3,4,2,3,3
22,0,2,2,3,3,5,2,0,0
22,0,2,2,3,3,6,2,85,85
22,0,2,2,3,3,7,2,0,0
22,0,2,2,3,3,8,2,24,24
22,0,2,2,3,3,9,2,0,0
22,0,4,0,0,5,2,2,0,0
22,0,4,0,0,5,3,2,0,0
22,0,4,0,0,5,4,2,0,0
22,0,4,0,0,5,5,2,0,0
22,0,4,0,0,5,6,2,6,6
22,0,4,0,0,5,7,2,0,0
22,0,4,0,0,5,8,2,0,0
22,0,4,0,0,5,9,2,0,0
22,0,4,0,1,4,2,2,0,0
22,0,4,0,1,4,3,2,0,0
22,0,4,0,1,4,4,2,5,5
22,0,4,0,1,4,5,2,0,0
22,0,4,0,1,4,6,2,15,15
22,0,4,0,1,4,7,2,0,0
22,0,4,0,1,4,8,2,0,0
22,0,4,0,1,4,9,2,0,0
22,0,4,0,2,3,2,2,0,0
22,0,4,0,2,3,3,2,0,0
22,0,4,0,2,3,4,2,12,12
22,0,4,0,2,3,5,2,0,0
22,0,4,0,2,3,6,2,19,19
22,0,4,0,2,3,7,2,0,0
22,0,4,0,2,3,8,2,0,0
22,0,4,0,2,3,9,2,0,0
22,0,4,1,1,3,2,2,0,0
22,0,4,1,1,3,3,2,0,0
22,0,4,1,1,3,4,2,33,33
22,0,4,1,1,3,5,2,0,0
22,0,4,1,1,3,6,2,33,33
22,0,4,1,1,3,7,2,0,0
22,0,4,1,1,3,8,2,0,0
22,0,4,1,1,3,9,2,0,0
22,0,4,1,2,2,2,2,0,0
22,0,4,1,2,2,3,2,0,0
22,0,4,1,2,2,4,2,53,53
22,0,4,1,2,2,5,2,0,0
22,0,4,1,2,2,6,2,38,38
22,0,4,1,2,2,7,2,0,0
22,0,4,1,2,2,8,2,0,0
22,0,4,1,2,2,9,2,0,0
22,0,6,0,0,2,2,2,1,1
22,0,6,0,0,2,3,2,0,0
22,0,6,0,0,2,4,2,2,2
22,0,6,0,0,2,5,2,0,0
22,0,6,0,0,2,6,2,0,0
22,0,6,0,0,2,7,2,0,0
22,0,6,0,0,2,8,2,0,0
22,0,6,0,1,1,2,2,2,2
22,0,6,0,1,1,3,2,0,0
22,0,6,0,1,1,4,2,4,4
22,0,6,0,1,1,5,2,0,0
22,0,6,0,1,1,6,2,0,0
22,0,6,0,1,1,7,2,0,0
22,0,6,0,1,1,8,2,0,0
22,1,1,0,0,8,10,2,1,1
22,1,1,0,0,8,2,2,0,0
22,1,1,0,0,8,3,2,0,0
22,1,1,0,0,8,4,2,0,0
22,1,1,0,0,8,5,2,0,0
22,1,1,0,0,8,6,2,0,0
22,1,1,0,0,8,7,2,0,0
22,1,1,0,0,8,8,2,2,2
22,1,1,0,0,8,9,2,0,0
22,1,1,0,1,7,10,2,1,1
22,1,1,0,1,7,2,2,0,0
22,1,1,0,1,7,3,2,0,0
22,1,1,0,1,7,4,2,0,0
22,1,1,0,1,7,5,2,0,0
22,1,1,0,1,7,6,2,0,0
22,1,1,0,1,7,7,2,0,0
22,1,1,0,1,7,8,2,10,10
22,1,1,0,1,7,9,2,0,0
22,1,1,0,2,6,10,2,1,1
22,1,1,0,2,6,2,2,0,0
22,1,1,0,2,6,3,2,0,0
22,1,1,0,2,6,4,2,0,0
22,1,1,0,2,6,5,2,0,0
22,1,1,0,2,6,6,2,4,4
22,1,1,0,2,6,7,2,0,0
22,1,1,0,2,6,8,2,13,13
22,1,1,0,2,6,9,2,0,0
22,1,1,0,3,5,10,2,1,1
22,1,1,0,3,5,2,2,0,0
22,1,1,0,3,5,3,2,0,0
22,1,1,0,3,5,4,2,0,0
22,1,1,0,3,5,5,2,0,0
22,1,1,0,3,5,6,2,6,6
22,1,1,0,3,5,7,2,0,0
22,1,1,0,3,5,8,2,13,13
22,1,1,0,3,5,9,2,0,0
22,1,1,0,4,4,10,2,1,1
22,1,1,0,4,4,2,2,0,0
22,1,1,0,4,4,3,2,0,0
22,1,1,0,4,4,4,2,0,0
22,1,1,0,4,4,5,2,0,0
22,1,1,0,4,4,6,2,6,6
22,1,1,0,4,4,7,2,0,0
22,1,1,0,4,4,8,2,13,13
22,1,1,0,4,4,9,2,0,0
22,1,1,1,1,6,10,2,1,1
22,1,1,1,1,6,2,2,0,0
22,1,1,1,1,6,3,2,0,0
22,1,1,1,1,6,4,2,0,0
22,1,1,1,1,6,5,2,0,0
22,1,1,1,1,6,6,2,14,14
22,1,1,1,1,6,7,2,0,0
22,1,1,1,1,6,8,2,31,31
22,1,1,1,1,6,9,2,0,0
22,1,1,1,2,5,10,2,1,1
22,1,1,1,2,5,2,2,0,0
22,1,1,1,2,5,3,2,0,0
22,1,1,1,2,5,4,2,0,0
22,1,1,1,2,5,5,2,0,0
22,1,1,1,2,5,6,2,48,48
22,1,1,1,2,5,7,2,0,0
22,1,1,1,2,5,8,2,37,37
22,1,1,1,2,5,9,2,0,0
22,1,1,1,3,4,10,2,1,1
22,1,1,1,3,4,2,2,0,0
22,1,1,1,3,4,3,2,0,0
22,1,1,1,3,4,4,2,0,0
22,1,1,1,3,4,5,2,0,0
22,1,1,1,3,4,6,2,63,63
22,1,1,1,3,4,7,2,0,0
22,1,1,1,3,4,8,2,37,37
22,1,1,1,3,4,9,2,0,0
22,1,1,2,2,4,10,2,1,1
22,1,1,2,2,4,2,2,0,0
22,1,1,2,2,4,3,2,0,0
22,1,1,2,2,4,4,2,2,2
22,1,1,2,2,4,5,2,0,0
22,1,1,2,2,4,6,2,123,123
22,1,1,2,2,4,7,2,0,0
22,1,1,2,2,4,8,2,43,43
22,1,1,2,2,4,9,2,0,0
22,1,1,2,3,3,10,2,1,1
22,1,1,2,3,3,2,2,0,0
22,1,1,2,3,3,3,2,0,0
22,1,1,2,3,3,4,2,4,4
22,1,1,2,3,3,5,2,0,0
22,1,1,2,3,3,6,2,148,148
22,1,1,2,3,3,7,2,0,0
22,1,1,2,3,3,8,2,43,43
22,1,1,2,3,3,9,2,0,0
22,1,3,0,0,5,2,2,0,0
22,1,3,0,0,5,3,2,0,0
22,1,3,0,0,5,4,2,0,0
22,1,3,0,0,5,5,2,0,0
22,1,3,0,0,5,6,2,13,13
22,1,3,0,0,5,7,2,0,0
22,1,3,0,0,5,8,2,1,1
22,1,3,0,0,5,9,2,0,0
22,1,3,0,1,4,2,2,0,0
22,1,3,0,1,4,3,2,0,0
22,1,3,0,1,4,4,2,8,8
22,1,3,0,1,4,5,2,0,0
22,1,3,0,1,4,6,2,42,42
22,1,3,0,1,4,7,2,0,0
22,1,3,0,1,4,8,2,1,1
22,1,3,0,1,4,9,2,0,0
22,1,3,0,2,3,2,2,0,0
22,1,3,0,2,3,3,2,0,0
22,1,3,0,2,3,4,2,23,23
22,1,3,0,2,3,5,2,0,0
22,1,3,0,2,3,6,2,56,56
22,1,3,0,2,3,7,2,0,0
22,1,3,0,2,3,8,2,1,1
22,1,3,0,2,3,9,2,0,0
22,1,3,1,1,3,2,2,0,0
22,1,3,1,1,3,3,2,0,0
22,1,3,1,1,3,4,2,66,66
22,1,3,1,1,3,5,2,0,0
22,1,3,1,1,3,6,2,110,110
22,1,3,1,1,3,7,2,0,0
22,1,3,1,1,3,8,2,1,1
22,1,3,1,1,3,9,2,0,0
22,1,3,1,2,2,2,2,0,0
22,1,3,1,2,2,3,2,0,0
22,1,3,1,2,2,4,2,114,114
22,1,3,1,2,2,5,2,0,0
22,1,3,1,2,2,6,2,132,132
22,1,3,1,2,2,7,2,0,0
22,1,3,1,2,2,8,2,1,1
22,1,3,1,2,2,9,2,0,0
22,1,5,0,0,2,2,2,1,1
22,1,5,0,0,2,3,2,0,0
22,1,5,0,0,2,4,2,12,12
22,1,5,0,0,2,5,2,0,0
22,1,5,0,0,2,6,2,0,0
22,1,5,0,0,2,7,2,0,0
22,1,5,0,0,2,8,2,0,0
22,1,5,0,1,1,2,2,3,3
22,1,5,0,1,1,3,2,0,0
22,1,5,0,1,1,4,2,22,22
22,1,5,0,1,1,5,2,0,0
22,1,5,0,1,1,6,2,0,0
22,1,5,0,1,1,7,2,0,0
22,1,5,0,1,1,8,2,0,0
22,2,2,0,0,5,2,2,0,0
22,2,2,0,0,5,3,2,0,0
22,2,2,0,0,5,4,2,0,0
22,2,2,0,0,5,5,2,0,0
22,2,2,0,0,5,6,2,16,16
22,2,2,0,0,5,7,2,0,0
22,2,2,0,0,5,8,2,1,1
22,2,2,0,0,5,9,2,0,0
22,2,2,0,1,4,2,2,0,0
22,2,2,0,1,4,3,2,0,0
22,2,2,0,1,4,4,2,9,9
22,2,2,0,1,4,5,2,0,0
22,2,2,0,1,4,6,2,53,53
22,2,2,0,1,4,7,2,0,0
22,2,2,0,1,4,8,2,1,1
22,2,2,0,1,4,9,2,0,0
22,2,2,0,2,3,2,2,0,0
22,2,2,0,2,3,3,2,0,0
22,2,2,0,2,3,4,2,27,27
22,2,2,0,2,3,5,2,0,0
22,2,2,0,2,3,6,2,73,73
22,2,2,0,2,3,7,2,0,0
22,2,2,0,2,3,8,2,1,1
22,2,2,0,2,3,9,2,0,0
22,2,2,1,1,3,2,2,0,0
22,2,2,1,1,3,3,2,0,0
22,2,2,1,1,3,4,2,78,78
22,2,2,1,1,3,5,2,0,0
22,2,2,1,1,3,6,2,143,143
22,2,2,1,1,3,7,2,0,0
22,2,2,1,1,3,8,2,1,1
22,2,2,1,1,3,9,2,0,0
22,2,2,1,2,2,2,2,0,0
22,2,2,1,2,2,3,2,0,0
22,2,2,1,2,2,4,2,137,137
22,2,2,1,2,2,5,2,0,0
22,2,2,1,2,2,6,2,176,176
22,2,2,1,2,2,7,2,0,0
22,2,2,1,2,2,8,2,1,1
22,2,2,1,2,2,9,2,0,0
22,2,4,0,0,2,2,2,1,1
22,2,4,0,0,2,3,2,0,0
22,2,4,0,0,2,4,2,19,19
22,2,4,0,0,2,5,2,0,0
22,2,4,0,0,2,6,2,1,1
22,2,4,0,0,2,7,2,0,0
22,2,4,0,0,2,8,2,0,0
22,2,4,0,1,1,2,2,3,3
22,2,4,0,1,1,3,2,0,0
22,2,4,0,1,1,4,2,39,39
22,2,4,0,1,1,5,2,0,0
22,2,4,0,1,1,6,2,1,1
22,2,4,0,1,1,7,2,0,0
22,2,4,0,1,1,8,2,0,0
22,3,3,0,0,2,2,2,1,1
22,3,3,0,0,2,3,2,0,0
22,3,3,0,0,2,4,2,23,23
22,3,3,0,0,2,5,2,0,0
22,3,3,0,0,2,6,2,1,1
22,3,3,0,0,2,7,2,0,0
22,3,3,0,0,2,8,2,0,0
22,3,3,0,1,1,2,2,3,3
22,3,3,0,1,1,3,2,0,0
22,3,3,0,1,1,4,2,46,46
22,3,3,0,1,1,5,2,0,0
22,3,3,0,1,1,6,2,1,1
22,3,3,0,1,1,7,2,0,0
22,3,3,0,1,1,8,2,0,0
23,0,1,0,0,10,10,2,1,1
23,0,1,0,0,10,11,2,0,0
23,0,1,0,0,10,2,2,0,0
23,0,1,0,0,10,3,2,0,0
23,0,1,0,0,10,4,2,0,0
23,0,1,0,0,10,5,2,0,0
23,0,1,0,0,10,6,2,0,0
23,0,1,0,0,10,7,2,0,0
23,0,1,0,0,10,8,2,0,0
23,0,1,0,0,10,9,2,0,0
23,0,1,0,1,9,10,2,3,3
23,0,1,0,1,9,11,2,0,0
23,0,1,0,1,9,2,2,0,0
23,0,1,0,1,9,3,2,0,0
23,0,1,0,1,9,4,2,0,0
23,0,1,0,1,9,5,2,0,0
23,0,1,0,1,9,6,2,0,0
23,0,1,0,1,9,7,2,0,0
23,0,1,0,1,9,8,2,0,0
23,0,1,0,1,9,9,2,0,0
23,0,1,0,2,8,10,2,3,3
23,0,1,0,2,8,11,2,0,0
23,0,1,0,2,8,2,2,0,0
23,0,1,0,2,8,3,2,0,0
23,0,1,0,2,8,4,2,0,0
23,0,1,0,2,8,5,2,0,0
23,0,1,0,2,8,6,2,0,0
23,0,1,0,2,8,7,2,0,0
23,0,1,0,2,8,8,2,1,1
23,0,1,0,2,8,9,2,0,0
23,0,1,0,3,7,10,2,3,3
23,0,1,0,3,7,11,2,0,0
23,0,1,0,3,7,2,2,0,0
23,0,1,0,3,7,3,2,0,0
23,0,1,0,3,7,4,2,0,0
23,0,1,0,3,7,5,2,0,0
23,0,1,0,3,7,6,2,0,0
23,0,1,0,3,7,7,2,0,0
23,0,1,0,3,7,8,2,1,1
23,0,1,0,3,7,9,2,0,0
23,0,1,0,4,6,10,2,3,3
23,0,1,0,4,6,11,2,0,0
23,0,1,0,4,6,2,2,0,0
23,0,1,0,4,6,3,2,0,0
23,0,1,0,4,6,4,2,0,0
23,0,1,0,4,6,5,2,0,0
23,0,1,0,4,6,6,2,0,0
23,0,1,0,4,6,7,2,0,0
23,0,1,0,4,6,8,2,1,1
23,0,1,0,4,6,9,2,0,0
23,0,1,0,5,5,10,2,3,3
23,0,1,0,5,5,11,2,0,0
23,0,1,0,5,5,2,2,0,0
23,0,1,0,5,5,3,2,0,0
23,0,1,0,5,5,4,2,0,0
23,0,1,0,5,5,5,2,0,0
23,0,1,0,5,5,6,2,0,0
23,0,1,0,5,5,7,2,0,0
23,0,1,0,5,5,8,2,1,1
23,0,1,0,5,5,9,2,0,0
23,0,1,1,1,8,10,2,6,6
23,0,1,1,1,8,11,2,0,0
23,0,1,1,1,8,2,2,0,0
23,0,1,1,1,8,3,2,0,0
23,0,1,1,1,8,4,2,0,0
23,0,1,1,1,8,5,2,0,0
23,0,1,1,1,8,6,2,0,0
23,0,1,1,1,8,7,2,0,0
23,0,1,1,1,8,8,2,5,5
23,0,1,1,1,8,9,2,0,0
23,0,1,1,2,7,10,2,6,6
23,0,1,1,2,7,11,2,0,0
23,0,1,1,2,7,2,2,0,0
23,0,1,1,2,7,3,2,0,0
23,0,1,1,2,7,4,2,0,0
23,0,1,1,2,7,5,2,0,0
23,0,1,1,2,7,6,2,0,0
23,0,1,1,2,7,7,2,0,0
23,0,1,1,2,7,8,2,12,12
23,0,1,1,2,7,9,2,0,0
23,0,1,1,3,6,10,2,6,6
23,0,1,1,3,6,11,2,0,0
23,0,1,1,3,6,2,2,0,0
23,0,1,1,3,6,3,2,0,0
23,0,1,1,3,6,4,2,0,0
23,0,1,1,3,6,5,2,0,0
23,0,1,1,3,6,6,2,1,1
23,0,1,1,3,6,7,2,0,0
23,0,1,1,3,6,8,2,13,13
23,0,1,1,3,6,9,2,0,0
23,0,1,1,4,5,10,2,6,6
23,0,1,1,4,5,11,2,0,0
23,0,1,1,4,5,2,2,0,0
23,0,1,1,4,5,3,2,0,0
23,0,1,1,4,5,4,2,0,0
23,0,1,1,4,5,5,2,0,0
23,0,1,1,4,5,6,2,1,1
23,0,1,1,4,5,7,2,0,0
23,0,1,1,4,5,8,2,13,13
23,0,1,1,4,5,9,2,0,0
23,0,1,2,2,6,10,2,6,6
23,0,1,2,2,6,11,2,0,0
23,0,1,2,2,6,2,2,0,0
23,0,1,2,2,6,3,2,0,0
23,0,1,2,2,6,4,2,0,0
23,0,1,2,2,6,5,2,0,0
23,0,1,2,2,6,6,2,5,5
23,0,1,2,2,6,7,2,0,0
23,0,1,2,2,6,8,2,24,24
23,0,1,2,2,6,9,2,0,0
23,0,1,2,3,5,10,2,6,6
23,0,1,2,3,5,11,2,0,0
23,0,1,2,3,5,2,2,0,0
23,0,1,2,3,5,3,2,0,0
23,0,1,2,3,5,4,2,0,0
23,0,1,2,3,5,5,2,0,0
23,0,1,2,3,5,6,2,12,12
23,0,1,2,3,5,7,2,0,0
23,0,1,2,3,5,8,2,25,25
23,0,1,2,3,5,9,2,0,0
23,0,1,2,4,4,10,2,6,6
23,0,1,2,4,4,11,2,0,0
23,0,1,2,4,4,2,2,0,0
23,0,1,2,4,4,3,2,0,0
23,0,1,2,4,4,4,2,0,0
23,0,1,2,4,4,5,2,0,0
23,0,1,2,4,4,6,2,13,13
23,0,1,2,4,4,7,2,0,0
23,0,1,2,4,4,8,2,25,25
23,0,1,2,4,4,9,2,0,0
23,0,1,3,3,4,10,2,6,6
23,0,1,3,3,4,11,2,0,0
23,0,1,3,3,4,2,2,0,0
23,0,1,3,3,4,3,2,0,0
23,0,1,3,3,4,4,2,0,0
23,0,1,3,3,4,5,2,0,0
23,0,1,3,3,4,6,2,23,23
23,0,1,3,3,4,7,2,0,0
23,0,1,3,3,4,8,2,26,26
23,0,1,3,3,4,9,2,0,0
23,0,3,0,0,7,10,2,0,0
23,0,3,0,0,7,2,2,0,0
23,0,3,0,0,7,3,2,0,0
23,0,3,0,0,7,4,2,0,0
23,0,3,0,0,7,5,2,0,0
23,0,3,0,0,7,6,2,0,0
23,0,3,0,0,7,7,2,0,0
23,0,3,0,0,7,8,2,4,4
23,0,3,0,0,7,9,2,0,0
23,0,3,0,1,6,10,2,0,0
23,0,3,0,1,6,2,2,0,0
23,0,3,0,1,6,3,2,0,0
23,0,3,0,1,6,4,2,0,0
23,0,3,0,1,6,5,2,0,0
23,0,3,0,1,6,6,2,6,6
23,0,3,0,1,6,7,2,0,0
23,0,3,0,1,6,8,2,8,8
23,0,3,0,1,6,9,2,0,0
23,0,3,0,2,5,10,2,0,0
23,0,3,0,2,5,2,2,0,0
23,0,3,0,2,5,3,2,0,0
23,0,3,0,2,5,4,2,0,0
23,0,3,0,2,5,5,2,0,0
23,0,3,0,2,5,6,2,15,15
23,0,3,0,2,5,7,2,0,0
23,0,3,0,2,5,8,2,9,9
23,0,3,0,2,5,9,2,0,0
23,0,3,0,3,4,10,2,0,0
23,0,3,0,3,4,2,2,0,0
23,0,3,0,3,4,3,2,0,0
23,0,3,0,3,4,4,2,0,0
23,0,3,0,3,4,5,2,0,0
23,0,3,0,3,4,6,2,19,19
23,0,3,0,3,4,7,2,0,0
23,0,3,0,3,4,8,2,9,9
23,0,3,0,3,4,9,2,0,0
23,0,3,1,1,5,10,2,0,0
23,0,3,1,1,5,2,2,0,0
23,0,3,1,1,5,3,2,0,0
23,0,3,1,1,5,4,2,0,0
23,0,3,1,1,5,5,2,0,0
23,0,3,1,1,5,6,2,45,45
23,0,3,1,1,5,7,2,0,0
23,0,3,1,1,5,8,2,14,14
23,0,3,1,1,5,9,2,0,0
23,0,3,1,2,4,10,2,0,0
23,0,3,1,2,4,2,2,0,0
23,0,3,1,2,4,3,2,0,0
23,0,3,1,2,4,4,2,4,4
23,0,3,1,2,4,5,2,0,0
23,0,3,1,2,4,6,2,86,86
23,0,3,1,2,4,7,2,0,0
23,0,3,1,2,4,8,2,15,15
23,0,3,1,2,4,9,2,0,0
23,0,3,1,3,3,10,2,0,0
23,0,3,1,3,3,2,2,0,0
23,0,3,1,3,3,3,2,0,0
23,0,3,1,3,3,4,2,7,7
23,0,3,1,3,3,5,2,0,0
23,0,3,1,3,3,6,2,99,99
23,0,3,1,3,3,7,2,0,0
23,0,3,1,3,3,8,2,15,15
23,0,3,1,3,3,9,2,0,0
23,0,3,2,2,3,10,2,0,0
23,0,3,2,2,3,2,2,0,0
23,0,3,2,2,3,3,2,0,0
23,0,3,2,2,3,4,2,18,18
23,0,3,2,2,3,5,2,0,0
23,0,3,2,2,3,6,2,146,146
23,0,3,2,2,3,7,2,0,0
23,0,3,2,2,3,8,2,16,16
23,0,3,2,2,3,9,2,0,0
23,0,5,0,0,4,2,2,0,0
23,0,5,0,0,4,3,2,0,0
23,0,5,0,0,4,4,2,3,3
23,0,5,0,0,4,5,2,0,0
23,0,5,0,0,4,6,2,4,4
23,0,5,0,0,4,7,2,0,0
23,0,5,0,0,4,8,2,0,0
23,0,5,0,0,4,9,2,0,0
23,0,5,0,1,3,2,2,0,0
23,0,5,0,1,3,3,2,0,0
23,0,5,0,1,3,4,2,15,15
23,0,5,0,1,3,5,2,0,0
23,0,5,0,1,3,6,2,7,7
23,0,5,0,1,3,7,2,0,0
23,0,5,0,1,3,8,2,0,0
23,0,5,0,1,3,9,2,0,0
23,0,5,0,2,2,2,2,0,0
23,0,5,0,2,2,3,2,0,0
23,0,5,0,2,2,4,2,22,22
23,0,5,0,2,2,5,2,0,0
23,0,5,0,2,2,6,2,8,8
23,0,5,0,2,2,7,2,0,0
23,0,5,0,2,2,8,2,0,0
23,0,5,0,2,2,9,2,0,0
23,0,5,1,1,2,2,2,1,1
23,0,5,1,1,2,3,2,0,0
23,0,5,1,1,2,4,2,48,48
23,0,5,1,1,2,5,2,0,0
23,0,5,1,1,2,6,2,11,11
23,0,5,1,1,2,7,2,0,0
23,0,5,1,1,2,8,2,0,0
23,0,5,1,1,2,9,2,0,0
23,0,7,0,0,1,2,2,1,1
23,0,7,0,0,1,3,2,0,0
23,0,7,0,0,1,4,2,0,0
23,0,7,0,0,1,5,2,0,0
23,0,7,0,0,1,6,2,0,0
23,0,7,0,0,1,7,2,0,0
23,0,7,0,0,1,8,2,0,0
23,1,2,0,0,7,10,2,0,0
23,1,2,0,0,7,2,2,0,0
23,1,2,0,0,7,3,2,0,0
23,1,2,0,0,7,4,2,0,0
23,1,2,0,0,7,5,2,0,0
23,1,2,0,0,7,6,2,0,0
23,1,2,0,0,7,7,2,0,0
23,1,2,0,0,7,8,2,7,7
23,1,2,0,0,7,9,2,0,0
23,1,2,0,1,6,10,2,0,0
23,1,2,0,1,6,2,2,0,0
23,1,2,0,1,6,3,2,0,0
23,1,2,0,1,6,4,2,0,0
23,1,2,0,1,6,5,2,0,0
23,1,2,0,1,6,6,2,10,10
23,1,2,0,1,6,7,2,0,0
23,1,2,0,1,6,8,2,18,18
23,1,2,0,1,6,9,2,0,0
23,1,2,0,2,5,10,2,0,0
23,1,2,0,2,5,2,2,0,0
23,1,2,0,2,5,3,2,0,0
23,1,2,0,2,5,4,2,0,0
23,1,2,0,2,5,5,2,0,0
23,1,2,0,2,5,6,2,30,30
23,1,2,0,2,5,7,2,0,0
23,1,2,0,2,5,8,2,21,21
23,1,2,0,2,5,9,2,0,0
23,1,2,0,3,4,10,2,0,0
23,1,2,0,3,4,2,2,0,0
23,1,2,0,3,4,3,2,0,0
23,1,2,0,3,4,4,2,0,0
23,1,2,0,3,4,5,2,0,0
23,1,2,0,3,4,6,2,39,39
23,1,2,0,3,4,7,2,0,0
23,1,2,0,3,4,8,2,21,21
23,1,2,0,3,4,9,2,0,0
23,1,2,1,1,5,10,2,0,0
23,1,2,1,1,5,2,2,0,0
23,1,2,1,1,5,3,2,0,0
23,1,2,1,1,5,4,2,0,0
23,1,2,1,1,5,5,2,0,0
23,1,2,1,1,5,6,2,87,87
23,1,2,1,1,5,7,2,0,0
23,1,2,1,1,5,8,2,38,38
23,1,2,1,1,5,9,2,0,0
23,1,2,1,2,4,10,2,0,0
23,1,2,1,2,4,2,2,0,0
23,1,2,1,2,4,3,2,0,0
23,1,2,1,2,4,4,2,6,6
23,1,2,1,2,4,5,2,0,0
23,1,2,1,2,4,6,2,185,185
23,1,2,1,2,4,7,2,0,0
23,1,2,1,2,4,8,2,42,42
23,1,2,1,2,4,9,2,0,0
23,1,2,1,3,3,10,2,0,0
23,1,2,1,3,3,2,2,0,0
23,1,2,1,3,3,3,2,0,0
23,1,2,1,3,3,4,2,11,11
23,1,2,1,3,3,5,2,0,0
23,1,2,1,3,3,6,2,217,217
23,1,2,1,3,3,7,2,0,0
23,1,2,1,3,3,8,2,42,42
23,1,2,1,3,3,9,2,0,0
23,1,2,2,2,3,10,2,0,0
23,1,2,2,2,3,2,2,0,0
23,1,2,2,2,3,3,2,0,0
23,1,2,2,2,3,4,2,30,30
23,1,2,2,2,3,5,2,0,0
23,1,2,2,2,3,6,2,341,341
23,1,2,2,2,3,7,2,0,0
23,1,2,2,2,3,8,2,46,46
23,1,2,2,2,3,9,2,0,0
23,1,4,0,0,4,2,2,0,0
23,1,4,0,0,4,3,2,0,0
23,1,4,0,0,4,4,2,5,5
23,1,4,0,0,4,5,2,0,0
23,1,4,0,0,4,6,2,15,15
23,1,4,0,0,4,7,2,0,0
23,1,4,0,0,4,8,2,0,0
23,1,4,0,0,4,9,2,0,0
23,1,4,0,1,3,2,2,0,0
23,1,4,0,1,3,3,2,0,0
23,1,4,0,1,3,4,2,33,33
23,1,4,0,1,3,5,2,0,0
23,1,4,0,1,3,6,2,33,33
23,1,4,0,1,3,7,2,0,0
23,1,4,0,1,3,8,2,0,0
23,1,4,0,1,3,9,2,0,0
23,1,4,0,2,2,2,2,0,0
23,1,4,0,2,2,3,2,0,0
23,1,4,0,2,2,4,2,53,53
23,1,4,0,2,2,5,2,0,0
23,1,4,0,2,2,6,2,38,38
23,1,4,0,2,2,7,2,0,0
23,1,4,0,2,2,8,2,0,0
23,1,4,0,2,2,9,2,0,0
23,1,4,1,1,2,2,2,1,1
23,1,4,1,1,2,3,2,0,0
23,1,4,1,1,2,4,2,126,126
23,1,4,1,1,2,5,2,0,0
23,1,4,1,1,2,6,2,63,63
23,1,4,1,1,2,7,2,0,0
23,1,4,1,1,2,8,2,0,0
23,1,4,1,1,2,9,2,0,0
23,1,6,0,0,1,2,2,2,2
23,1,6,0,0,1,3,2,0,0
23,1,6,0,0,1,4,2,4,4
23,1,6,0,0,1,5,2,0,0
23,1,6,0,0,1,6,2,0,0
23,1,6,0,0,1,7,2,0,0
23,1,6,0,0,1,8,2,0,0
23,2,3,0,0,4,2,2,0,0
23,2,3,0,0,4,3,2,0,0
23,2,3,0,0,4,4,2,6,6
23,2,3,0,0,4,5,2,0,0
23,2,3,0,0,4,6,2,23,23
23,2,3,0,0,4,7,2,0,0
23,2,3,0,0,4,8,2,0,0
23,2,3,0,0,4,9,2,0,0
23,2,3,0,1,3,2,2,0,0
23,2,3,0,1,3,3,2,0,0
23,2,3,0,1,3,4,2,43,43
23,2,3,0,1,3,5,2,0,0
23,2,3,0,1,3,6,2,54,54
23,2,3,0,1,3,7,2,0,0
23,2,3,0,1,3,8,2,0,0
23,2,3,0,1,3,9,2,0,0
23,2,3,0,2,2,2,2,0,0
23,2,3,0,2,2,3,2,0,0
23,2,3,0,2,2,4,2,71,71
23,2,3,0,2,2,5,2,0,0
23,2,3,0,2,2,6,2,64,64
23,2,3,0,2,2,7,2,0,0
23,2,3,0,2,2,8,2,0,0
23,2,3,0,2,2,9,2,0,0
23,2,3,1,1,2,2,2,1,1
23,2,3,1,1,2,3,2,0,0
23,2,3,1,1,2,4,2,173,173
23,2,3,1,1,2,5,2,0,0
23,2,3,1,1,2,6,2,109,109
23,2,3,1,1,2,7,2,0,0
23,2,3,1,1,2,8,2,0,0
23,2,3,1,1,2,9,2,0,0
23,2,5,0,0,1,2,2,2,2
23,2,5,0,0,1,3,2,0,0
23,2,5,0,0,1,4,2,10,10
23,2,5,0,0,1,5,2,0,0
23,2,5,0,0,1,6,2,0,0
23,2,5,0,0,1,7,2,0,0
23,2,5,0,0,1,8,2,0,0
23,3,4,0,0,1,2,2,2,2
23,3,4,0,0,1,3,2,0,0
23,3,4,0,0,1,4,2,14,14
23,3,4,0,0,1,5,2,0,0
23,3,4,0,0,1,6,2,0,0
23,3,4,0,0,1,7,2,0,0
23,3,4,0,0,1,8,2,0,0
24,0,0,0,0,12,10,2,0,0
24,0,0,0,0,12,11,2,0,0
24,0,0,0,0,12,12,2,1,1
24,0,0,0,0,12,2,2,0,0
24,0,0,0,0,12,3,2,0,0
24,0,0,0,0,12,4,2,0,0
24,0,0,0,0,12,5,2,0,0
24,0,0,0,0,12,6,2,0,0
24,0,0,0,0,12,7,2,0,0
24,0,0,0,0,12,8,2,0,0
24,0,0,0,0,12,9,2,0,0
24,0,0,0,1,11,10,2,0,0
24,0,0,0,1,11,11,2,0,0
24,0,0,0,1,11,12,2,1,1
24,0,0,0,1,11,2,2,0,0
24,0,0,0,1,11,3,2,0,0
24,0,0,0,1,11,4,2,0,0
24,0,0,0,1,11,5,2,0,0
24,0,0,0,1,11,6,2,0,0
24,0,0,0,1,11,7,2,0,0
24,0,0,0,1,11,8,2,0,0
24,0,0,0,1,11,9,2,0,0
24,0,0,0,2,10,10,2,0,0
24,0,0,0,2,10,11,2,0,0
24,0,0,0,2,10,12,2,1,1
24,0,0,0,2,10,2,2,0,0
24,0,0,0,2,10,3,2,0,0
24,0,0,0,2,10,4,2,0,0
24,0,0,0,2,10,5,2,0,0
24,0,0,0,2,10,6,2,0,0
24,0,0,0,2,10,7,2,0,0
24,0,0,0,2,10,8,2,0,0
24,0,0,0,2,10,9,2,0,0
24,0,0,0,3,9,10,2,0,0
24,0,0,0,3,9,11,2,0,0
24,0,0,0,3,9,12,2,1,1
24,0,0,0,3,9,2,2,0,0
24,0,0,0,3,9,3,2,0,0
24,0,0,0,3,9,4,2,0,0
24,0,0,0,3,9,5,2,0,0
24,0,0,0,3,9,6,2,0,0
24,0,0,0,3,9,7,2,0,0
24,0,0,0,3,9,8,2,0,0
24,0,0,0,3,9,9,2,0,0
24,0,0,0,4,8,10,2,0,0
24,0,0,0,4,8,11,2,0,0
24,0,0,0,4,8,12,2,1,1
24,0,0,0,4,8,2,2,0,0
24,0,0,0,4,8,3,2,0,0
24,0,0,0,4,8,4,2,0,0
24,0,0,0,4,8,5,2,0,0
24,0,0,0,4,8,6,2,0,0
24,0,0,0,4,8,7,2,0,0
24,0,0,0,4,8,8,2,0,0
24,0,0,0,4,8,9,2,0,0
24,0,0,0,5,7,10,2,0,0
24,0,0,0,5,7,11,2,0,0
24,0,0,0,5,7,12,2,1,1
24,0,0,0,5,7,2,2,0,0
24,0,0,0,5,7,3,2,0,0
24,0,0,0,5,7,4,2,0,0
24,0,0,0,5,7,5,2,0,0
24,0,0,0,5,7,6,2,0,0
24,0,0,0,5,7,7,2,0,0
24,0,0,0,5,7,8,2,0,0
24,0,0,0,5,7,9,2,0,0
24,0,0,0,6,6,10,2,0,0
24,0,0,0,6,6,11,2,0,0
24,0,0,0,6,6,12,2,1,1
24,0,0,0,6,6,2,2,0,0
24,0,0,0,6,6,3,2,0,0
24,0,0,0,6,6,4,2,0,0
24,0,0,0,6,6,5,2,0,0
24,0,0,0,6,6,6,2,0,0
24,0,0,0,6,6,7,2,0,0
24,0,0,0,6,6,8,2,0,0
24,0,0,0,6,6,9,2,0,0
24,0,0,1,1,10,10,2,2,2
24,0,0,1,1,10,11,2,0,0
24,0,0,1,1,10,12,2,1,1
24,0,0,1,1,10,2,2,0,0
24,0,0,1,1,10,3,2,0,0
24,0,0,1,1,10,4,2,0,0
24,0,0,1,1,10,5,2,0,0
24,0,0,1,1,10,6,2,0,0
24,0,0,1,1,10,7,2,0,0
24,0,0,1,1,10,8,2,0,0
24,0,0,1,1,10,9,2,0,0
24,0,0,1,2,9,10,2,3,3
24,0,0,1,2,9,11,2,0,0
24,0,0,1,2,9,12,2,1,1
24,0,0,1,2,9,2,2,0,0
24,0,0,1,2,9,3,2,0,0
24,0,0,1,2,9,4,2,0,0
24,0,0,1,2,9,5,2,0,0
24,0,0,1,2,9,6,2,0,0
24,0,0,1,2,9,7,2,0,0
24,0,0,1,2,9,8,2,0,0
24,0,0,1,2,9,9,2,0,0
24,0,0,1,3,8,10,2,3,3
24,0,0,1,3,8,11,2,0,0
24,0,0,1,3,8,12,2,1,1
24,0,0,1,3,8,2,2,0,0
24,0,0,1,3,8,3,2,0,0
24,0,0,1,3,8,4,2,0,0
24,0,0,1,3,8,5,2,0,0
24,0,0,1,3,8,6,2,0,0
24,0,0,1,3,8,7,2,0,0
24,0,0,1,3,8,8,2,0,0
24,0,0,1,3,8,9,2,0,0
24,0,0,1,4,7,10,2,3,3
24,0,0,1,4,7,11,2,0,0
24,0,0,1,4,7,12,2,1,1
24,0,0,1,4,7,2,2,0,0
24,0,0,1,4,7,3,2,0,0
24,0,0,1,4,7,4,2,0,0
24,0,0,1,4,7,5,2,0,0
24,0,0,1,4,7,6,2,0,0
24,0,0,1,4,7,7,2,0,0
24,0,0,1,4,7,8,2,0,0
24,0,0,1,4,7,9,2,0,0
24,0,0,1,5,6,10,2,3,3
24,0,0,1,5,6,11,2,0,0
24,0,0,1,5,6,12,2,1,1
24,0,0,1,5,6,2,2,0,0
24,0,0,1,5,6,3,2,0,0
24,0,0,1,5,6,4,2,0,0
24,0,0,1,5,6,5,2,0,0
24,0,0,1,5,6,6,2,0,0
24,0,0,1,5,6,7,2,0,0
24,0,0,1,5,6,8,2,0,0
24,0,0,1,5,6,9,2,0,0
24,0,0,2,2,8,10,2,4,4
24,0,0,2,2,8,11,2,0,0
24,0,0,2,2,8,12,2,1,1
24,0,0,2,2,8,2,2,0,0
24,0,0,2,2,8,3,2,0,0
24,0,0,2,2,8,4,2,0,0
24,0,0,2,2,8,5,2,0,0
24,0,0,2,2,8,6,2,0,0
24,0,0,2,2,8,7,2,0,0
24,0,0,2,2,8,8,2,2,2
24,0,0,2,2,8,9,2,0,0
24,0,0,2,3,7,10,2,4,4
24,0,0,2,3,7,11,2,0,0
24,0,0,2,3,7,12,2,1,1
24,0,0,2,3,7,2,2,0,0
24,0,0,2,3,7,3,2,0,0
24,0,0,2,3,7,4,2,0,0
24,0,0,2,3,7,5,2,0,0
24,0,0,2,3,7,6,2,0,0
24,0,0,2,3,7,7,2,0,0
24,0,0,2,3,7,8,2,3,3
24,0,0,2,3,7,9,2,0,0
24,0,0,2,4,6,10,2,4,4
24,0,0,2,4,6,11,2,0,0
24,0,0,2,4,6,12,2,1,1
24,0,0,2,4,6,2,2,0,0
24,0,0,2,4,6,3,2,0,0
24,0,0,2,4,6,4,2,0,0
24,0,0,2,4,6,5,2,0,0
24,0,0,2,4,6,6,2,0,0
24,0,0,2,4,6,7,2,0,0
24,0,0,2,4,6,8,2,3,3
24,0,0,2,4,6,9,2,0,0
24,0,0,2,5,5,10,2,4,4
24,0,0,2,5,5,11,2,0,0
24,0,0,2,5,5,12,2,1,1
24,0,0,2,5,5,2,2,0,0
24,0,0,2,5,5,3,2,0,0
24,0,0,2,5,5,4,2,0,0
24,0,0,2,5,5,5,2,0,0
24,0,0,2,5,5,6,2,0,0
24,0,0,2,5,5,7,2,0,0
24,0,0,2,5,5,8,2,3,3
24,0,0,2,5,5,9,2,0,0
24,0,0,3,3,6,10,2,4,4
24,0,0,3,3,6,11,2,0,0
24,0,0,3,3,6,12,2,1,1
24,0,0,3,3,6,2,2,0,0
24,0,0,3,3,6,3,2,0,0
24,0,0,3,3,6,4,2,0,0
24,0,0,3,3,6,5,2,0,0
24,0,0,3,3,6,6,2,1,1
24,0,0,3,3,6,7,2,0,0
24,0,0,3,3,6,8,2,4,4
24,0,0,3,3,6,9,2,0,0
24,0,0,3,4,5,10,2,4,4
24,0,0,3,4,5,11,2,0,0
24,0,0,3,4,5,12,2,1,1
24,0,0,3,4,5,2,2,0,0
24,0,0,3,4,5,3,2,0,0
24,0,0,3,4,5,4,2,0,0
24,0,0,3,4,5,5,2,0,0
24,0,0,3,4,5,6,2,1,1
24,0,0,3,4,5,7,2,0,0
24,0,0,3,4,5,8,2,4,4
24,0,0,3,4,5,9,2,0,0
24,0,0,4,4,4,10,2,4,4
24,0,0,4,4,4,11,2,0,0
24,0,0,4,4,4,12,2,1,1
24,0,0,4,4,4,2,2,0,0
24,0,0,4,4,4,3,2,0,0
24,0,0,4,4,4,4,2,0,0
24,0,0,4,4,4,5,2,0,0
24,0,0,4,4,4,6,2,1,1
24,0,0,4,4,4,7,2,1,0
24,0,0,4,4,4,8,2,4,4
24,0,0,4,4,4,9,2,0,0
24,0,2,0,0,9,10,2,2,2
24,0,2,0,0,9,11,2,0,0
24,0,2,0,0,9,2,2,0,0
24,0,2,0,0,9,3,2,0,0
24,0,2,0,0,9,4,2,0,0
24,0,2,0,0,9,5,2,0,0
24,0,2,0,0,9,6,2,0,0
24,0,2,0,0,9,7,2,0,0
24,0,2,0,0,9,8,2,0,0
24,0,2,0,0,9,9,2,0,0
24,0,2,0,1,8,10,2,3,3
24,0,2,0,1,8,11,2,0,0
24,0,2,0,1,8,2,2,0,0
24,0,2,0,1,8,3,2,0,0
24,0,2,0,1,8,4,2,0,0
24,0,2,0,1,8,5,2,0,0
24,0,2,0,1,8,6,2,0,0
24,0,2,0,1,8,7,2,0,0
24,0,2,0,1,8,8,2,4,4
24,0,2,0,1,8,9,2,0,0
24,0,2,0,2,7,10,2,3,3
24,0,2,0,2,7,11,2,0,0
24,0,2,0,2,7,2,2,0,0
24,0,2,0,2,7,3,2,0,0
24,0,2,0,2,7,4,2,0,0
24,0,2,0,2,7,5,2,0,0
24,0,2,0,2,7,6,2,0,0
24,0,2,0,2,7,7,2,0,0
24,0,2,0,2,7,8,2,8,8
24,0,2,0,2,7,9,2,0,0
24,0,2,0,3,6,10,2,3,3
24,0,2,0,3,6,11,2,0,0
24,0,2,0,3,6,2,2,0,0
24,0,2,0,3,6,3,2,0,0
24,0,2,0,3,6,4,2,0,0
24,0,2,0,3,6,5,2,0,0
24,0,2,0,3,6,6,2,0,0
24,0,2,0,3,6,7,2,0,0
24,0,2,0,3,6,8,2,9,9
24,0,2,0,3,6,9,2,0,0
24,0,2,0,4,5,10,2,3,3
24,0,2,0,4,5,11,2,0,0
24,0,2,0,4,5,2,2,0,0
24,0,2,0,4,5,3,2,0,0
24,0,2,0,4,5,4,2,0,0
24,0,2,0,4,5,5,2,0,0
24,0,2,0,4,5,6,2,0,0
24,0,2,0,4,5,7,2,0,0
24,0,2,0,4,5,8,2,9,9
24,0,2,0,4,5,9,2,0,0
24,0,2,1,1,7,10,2,4,4
24,0,2,1,1,7,11,2,0,0
24,0,2,1,1,7,2,2,0,0
24,0,2,1,1,7,3,2,0,0
24,0,2,1,1,7,4,2,0,0
24,0,2,1,1,7,5,2,0,0
24,0,2,1,1,7,6,2,0,0
24,0,2,1,1,7,7,2,0,0
24,0,2,1,1,7,8,2,25,25
24,0,2,1,1,7,9,2,0,0
24,0,2,1,2,6,10,2,4,4
24,0,2,1,2,6,11,2,0,0
24,0,2,1,2,6,2,2,0,0
24,0,2,1,2,6,3,2,0,0
24,0,2,1,2,6,4,2,0,0
24,0,2,1,2,6,5,2,0,0
24,0,2,1,2,6,6,2,8,8
24,0,2,1,2,6,7,2,0,0
24,0,2,1,2,6,8,2,40,40
24,0,2,1,2,6,9,2,0,0
24,0,2,1,3,5,10,2,4,4
24,0,2,1,3,5,11,2,0,0
24,0,2,1,3,5,2,2,0,0
24,0,2,1,3,5,3,2,0,0
24,0,2,1,3,5,4,2,0,0
24,0,2,1,3,5,5,2,0,0
24,0,2,1,3,5,6,2,16,16
24,0,2,1,3,5,7,2,0,0
24,0,2,1,3,5,8,2,43,43
24,0,2,1,3,5,9,2,0,0
24,0,2,1,4,4,10,2,4,4
24,0,2,1,4,4,11,2,0,0
24,0,2,1,4,4,2,2,0,0
24,0,2,1,4,4,3,2,0,0
24,0,2,1,4,4,4,2,0,0
24,0,2,1,4,4,5,2,0,0
24,0,2,1,4,4,6,2,18,18
24,0,2,1,4,4,7,2,0,0
24,0,2,1,4,4,8,2,43,43
24,0,2,1,4,4,9,2,0,0
24,0,2,2,2,5,10,2,4,4
24,0,2,2,2,5,11,2,0,0
24,0,2,2,2,5,2,2,0,0
24,0,2,2,2,5,3,2,0,0
24,0,2,2,2,5,4,2,0,0
24,0,2,2,2,5,5,2,0,0
24,0,2,2,2,5,6,2,43,43
24,0,2,2,2,5,7,2,0,0
24,0,2,2,2,5,8,2,59,59
24,0,2,2,2,5,9,2,0,0
24,0,2,2,3,4,10,2,4,4
24,0,2,2,3,4,11,2,0,0
24,0,2,2,3,4,2,2,0,0
24,0,2,2,3,4,3,2,0,0
24,0,2,2,3,4,4,2,0,0
24,0,2,2,3,4,5,2,0,0
24,0,2,2,3,4,6,2,69,69
24,0,2,2,3,4,7,2,0,0
24,0,2,2,3,4,8,2,62,62
24,0,2,2,3,4,9,2,0,0
24,0,2,3,3,3,10,2,4,4
24,0,2,3,3,3,11,2,0,0
24,0,2,3,3,3,2,2,0,0
24,0,2,3,3,3,3,2,0,0
24,0,2,3,3,3,4,2,0,0
24,0,2,3,3,3,5,2,0,0
24,0,2,3,3,3,6,2,96,96
24,0,2,3,3,3,7,2,0,0
24,0,2,3,3,3,8,2,65,65
24,0,2,3,3,3,9,2,0,0
24,0,4,0,0,6,10,2,0,0
24,0,4,0,0,6,2,2,0,0
24,0,4,0,0,6,3,2,0,0
24,0,4,0,0,6,4,2,0,0
24,0,4,0,0,6,5,2,0,0
24,0,4,0,0,6,6,2,4,4
24,0,4,0,0,6,7,2,0,0
24,0,4,0,0,6,8,2,2,2
24,0,4,0,0,6,9,2,0,0
24,0,4,0,1,5,10,2,0,0
24,0,4,0,1,5,2,2,0,0
24,0,4,0,1,5,3,2,0,0
24,0,4,0,1,5,4,2,0,0
24,0,4,0,1,5,5,2,0,0
24,0,4,0,1,5,6,2,21,21
24,0,4,0,1,5,7,2,0,0
24,0,4,0,1,5,8,2,3,3
24,0,4,0,1,5,9,2,0,0
24,0,4,0,2,4,10,2,0,0
24,0,4,0,2,4,2,2,0,0
24,0,4,0,2,4,3,2,0,0
24,0,4,0,2,4,4,2,2,2
24,0,4,0,2,4,5,2,0,0
24,0,4,0,2,4,6,2,36,36
24,0,4,0,2,4,7,2,0,0
24,0,4,0,2,4,8,2,3,3
24,0,4,0,2,4,9,2,0,0
24,0,4,0,3,3,10,2,0,0
24,0,4,0,3,3,2,2,0,0
24,0,4,0,3,3,3,2,0,0
24,0,4,0,3,3,4,2,4,4
24,0,4,0,3,3,5,2,0,0
24,0,4,0,3,3,6,2,40,40
24,0,4,0,3,3,7,2,0,0
24,0,4,0,3,3,8,2,3,3
24,0,4,0,3,3,9,2,0,0
24,0,4,1,1,4,10,2,0,0
24,0,4,1,1,4,2,2,0,0
24,0,4,1,1,4,3,2,0,0
24,0,4,1,1,4,4,2,10,10
24,0,4,1,1,4,5,2,0,0
24,0,4,1,1,4,6,2,79,79
24,0,4,1,1,4,7,2,0,0
24,0,4,1,1,4,8,2,4,4
24,0,4,1,1,4,9,2,0,0
24,0,4,1,2,3,10,2,0,0
24,0,4,1,2,3,2,2,0,0
24,0,4,1,2,3,3,2,0,0
24,0,4,1,2,3,4,2,30,30
24,0,4,1,2,3,5,2,0,0
24,0,4,1,2,3,6,2,118,118
24,0,4,1,2,3,7,2,0,0
24,0,4,1,2,3,8,2,4,4
24,0,4,1,2,3,9,2,0,0
24,0,4,2,2,2,10,2,0,0
24,0,4,2,2,2,2,2,0,0
24,0,4,2,2,2,3,2,0,0
24,0,4,2,2,2,4,2,55,55
24,0,4,2,2,2,5,2,0,0
24,0,4,2,2,2,6,2,156,156
24,0,4,2,2,2,7,2,0,0
24,0,4,2,2,2,8,2,4,4
24,0,4,2,2,2,9,2,0,0
24,0,6,0,0,3,2,2,0,0
24,0,6,0,0,3,3,2,0,0
24,0,6,0,0,3,4,2,6,6
24,0,6,0,0,3,5,2,0,0
24,0,6,0,0,3,6,2,1,1
24,0,6,0,0,3,7,2,0,0
24,0,6,0,0,3,8,2,0,0
24,0,6,0,0,3,9,2,0,0
24,0,6,0,1,2,2,2,1,1
24,0,6,0,1,2,3,2,0,0
24,0,6,0,1,2,4,2,15,15
24,0,6,0,1,2,5,2,0,0
24,0,6,0,1,2,6,2,1,1
24,0,6,0,1,2,7,2,0,0
24,0,6,0,1,2,8,2,0,0
24,0,6,0,1,2,9,2,0,0
24,0,6,1,1,1,2,2,3,3
24,0,6,1,1,1,3,2,0,0
24,0,6,1,1,1,4,2,28,28
24,0,6,1,1,1,5,2,0,0
24,0,6,1,1,1,6,2,1,1
24,0,6,1,1,1,7,2,0,0
24,0,6,1,1,1,8,2,0,0
24,0,6,1,1,1,9,2,0,0
24,0,8,0,0,0,2,2,0,0
24,0,8,0,0,0,3,2,0,0
24,0,8,0,0,0,4,2,0,0
24,0,8,0,0,0,5,2,0,0
24,0,8,0,0,0,6,2,0,0
24,0,8,0,0,0,7,2,0,0
24,0,8,0,0,0,8,2,0,0
24,1,1,0,0,9,10,2,3,3
24,1,1,0,0,9,11,2,0,0
24,1,1,0,0,9,2,2,0,0
24,1,1,0,0,9,3,2,0,0
24,1,1,0,0,9,4,2,0,0
24,1,1,0,0,9,5,2,0,0
24,1,1,0,0,9,6,2,0,0
24,1,1,0,0,9,7,2,0,0
24,1,1,0,0,9,8,2,0,0
24,1,1,0,0,9,9,2,0,0
24,1,1,0,1,8,10,2,6,6
24,1,1,0,1,8,11,2,0,0
24,1,1,0,1,8,2,2,0,0
24,1,1,0,1,8,3,2,0,0
24,1,1,0,1,8,4,2,0,0
24,1,1,0,1,8,5,2,0,0
24,1,1,0,1,8,6,2,0,0
24,1,1,0,1,8,7,2,0,0
24,1,1,0,1,8,8,2,5,5
24,1,1,0,1,8,9,2,0,0
24,1,1,0,2,7,10,2,6,6
24,1,1,0,2,7,11,2,0,0
24,1,1,0,2,7,2,2,0,0
24,1,1,0,2,7,3,2,0,0
24,1,1,0,2,7,4,2,0,0
24,1,1,0,2,7,5,2,0,0
24,1,1,0,2,7,6,2,0,0
24,1,1,0,2,7,7,2,0,0
24,1,1,0,2,7,8,2,12,12
24,1,1,0,2,7,9,2,0,0
24,1,1,0,3,6,10,2,6,6
24,1,1,0,3,6,11,2,0,0
24,1,1,0,3,6,2,2,0,0
24,1,1,0,3,6,3,2,0,0
24,1,1,0,3,6,4,2,0,0
24,1,1,0,3,6,5,2,0,0
24,1,1,0,3,6,6,2,1,1
24,1,1,0,3,6,7,2,0,0
24,1,1,0,3,6,8,2,13,13
24,1,1,0,3,6,9,2,0,0
24,1,1,0,4,5,10,2,6,6
24,1,1,0,4,5,11,2,0,0
24,1,1,0,4,5,2,2,0,0
24,1,1,0,4,5,3,2,0,0
24,1,1,0,4,5,4,2,0,0
24,1,1,0,4,5,5,2,0,0
24,1,1,0,4,5,6,2,1,1
24,1,1,0,4,5,7,2,0,0
24,1,1,0,4,5,8,2,13,13
24,1,1,0,4,5,9,2,0,0
24,1,1,1,1,7,10,2,10,10
24,1,1,1,1,7,11,2,0,0
24,1,1,1,1,7,2,2,0,0
24,1,1,1,1,7,3,2,0,0
24,1,1,1,1,7,4,2,0,0
24,1,1,1,1,7,5,2,0,0
24,1,1,1,1,7,6,2,0,0
24,1,1,1,1,7,7,2,0,0
24,1,1,1,1,7,8,2,37,37
24,1,1,1,1,7,9,2,0,0
24,1,1,1,2,6,10,2,10,10
24,1,1,1,2,6,11,2,0,0
24,1,1,1,2,6,2,2,0,0
24,1,1,1,2,6,3,2,0,0
24,1,1,1,2,6,4,2,0,0
24,1,1,1,2,6,5,2,0,0
24,1,1,1,2,6,6,2,13,13
24,1,1,1,2,6,7,2,0,0
24,1,1,1,2,6,8,2,64,64
24,1,1,1,2,6,9,2,0,0
24,1,1,1,3,5,10,2,10,10
24,1,1,1,3,5,11,2,0,0
24,1,1,1,3,5,2,2,0,0
24,1,1,1,3,5,3,2,0,0
24,1,1,1,3,5,4,2,0,0
24,1,1,1,3,5,5,2,0,0
24,1,1,1,3,5,6,2,28,28
24,1,1,1,3,5,7,2,0,0
24,1,1,1,3,5,8,2,68,68
24,1,1,1,3,5,9,2,0,0
24,1,1,1,4,4,10,2,10,10
24,1,1,1,4,4,11,2,0,0
24,1,1,1,4,4,2,2,0,0
24,1,1,1,4,4,3,2,0,0
24,1,1,1,4,4,4,2,0,0
24,1,1,1,4,4,5,2,0,0
24,1,1,1,4,4,6,2,31,31
24,1,1,1,4,4,7,2,0,0
24,1,1,1,4,4,8,2,68,68
24,1,1,1,4,4,9,2,0,0
24,1,1,2,2,5,10,2,10,10
24,1,1,2,2,5,11,2,0,0
24,1,1,2,2,5,2,2,0,0
24,1,1,2,2,5,3,2,0,0
24,1,1,2,2,5,4,2,0,0
24,1,1,2,2,5,5,2,0,0
24,1,1,2,2,5,6,2,71,71
24,1,1,2,2,5,7,2,0,0
24,1,1,2,2,5,8,2,101,101
24,1,1,2,2,5,9,2,0,0
24,1,1,2,3,4,10,2,10,10
24,1,1,2,3,4,11,2,0,0
24,1,1,2,3,4,2,2,0,0
24,1,1,2,3,4,3,2,0,0
24,1,1,2,3,4,4,2,0,0
24,1,1,2,3,4,5,2,0,0
24,1,1,2,3,4,6,2,119,119
24,1,1,2,3,4,7,2,0,0
24,1,1,2,3,4,8,2,105,105
24,1,1,2,3,4,9,2,0,0
24,1,1,3,3,3,10,2,10,10
24,1,1,3,3,3,11,2,0,0
24,1,1,3,3,3,2,2,0,0
24,1,1,3,3,3,3,2,0,0
24,1,1,3,3,3,4,2,0,0
24,1,1,3,3,3,5,2,0,0
24,1,1,3,3,3,6,2,172,172
24,1,1,3,3,3,7,2,0,0
24,1,1,3,3,3,8,2,109,109
24,1,1,3,3,3,9,2,0,0
24,1,3,0,0,6,10,2,0,0
24,1,3,0,0,6,2,2,0,0
24,1,3,0,0,6,3,2,0,0
24,1,3,0,0,6,4,2,0,0
24,1,3,0,0,6,5,2,0,0
24,1,3,0,0,6,6,2,6,6
24,1,3,0,0,6,7,2,0,0
24,1,3,0,0,6,8,2,8,8
24,1,3,0,0,6,9,2,0,0
24,1,3,0,1,5,10,2,0,0
24,1,3,0,1,5,2,2,0,0
24,1,3,0,1,5,3,2,0,0
24,1,3,0,1,5,4,2,0,0
24,1,3,0,1,5,5,2,0,0
24,1,3,0,1,5,6,2,45,45
24,1,3,0,1,5,7,2,0,0
24,1,3,0,1,5,8,2,14,14
24,1,3,0,1,5,9,2,0,0
24,1,3,0,2,4,10,2,0,0
24,1,3,0,2,4,2,2,0,0
24,1,3,0,2,4,3,2,0,0
24,1,3,0,2,4,4,2,4,4
24,1,3,0,2,4,5,2,0,0
24,1,3,0,2,4,6,2,86,86
24,1,3,0,2,4,7,2,0,0
24,1,3,0,2,4,8,2,15,15
24,1,3,0,2,4,9,2,0,0
24,1,3,0,3,3,10,2,0,0
24,1,3,0,3,3,2,2,0,0
24,1,3,0,3,3,3,2,0,0
24,1,3,0,3,3,4,2,7,7
24,1,3,0,3,3,5,2,0,0
24,1,3,0,3,3,6,2,99,99
24,1,3,0,3,3,7,2,0,0
24,1,3,0,3,3,8,2,15,15
24,1,3,0,3,3,9,2,0,0
24,1,3,1,1,4,10,2,0,0
24,1,3,1,1,4,2,2,0,0
24,1,3,1,1,4,3,2,0,0
24,1,3,1,1,4,4,2,16,16
24,1,3,1,1,4,5,2,0,0
24,1,3,1,1,4,6,2,207,207
24,1,3,1,1,4,7,2,0,0
24,1,3,1,1,4,8,2,22,22
24,1,3,1,1,4,9,2,0,0
24,1,3,1,2,3,10,2,0,0
24,1,3,1,2,3,2,2,0,0
24,1,3,1,2,3,3,2,0,0
24,1,3,1,2,3,4,2,56,56
24,1,3,1,2,3,5,2,0,0
24,1,3,1,2,3,6,2,335,335
24,1,3,1,2,3,7,2,0,0
24,1,3,1,2,3,8,2,23,23
24,1,3,1,2,3,9,2,0,0
24,1,3,2,2,2,10,2,0,0
24,1,3,2,2,2,2,2,0,0
24,1,3,2,2,2,3,2,0,0
24,1,3,2,2,2,4,2,112,112
24,1,3,2,2,2,5,2,0,0
24,1,3,2,2,2,6,2,466,466
24,1,3,2,2,2,7,2,0,0
24,1,3,2,2,2,8,2,24,24
24,1,3,2,2,2,9,2,0,0
24,1,5,0,0,3,2,2,0,0
24,1,5,0,0,3,3,2,0,0
24,1,5,0,0,3,4,2,15,15
24,1,5,0,0,3,5,2,0,0
24,1,5,0,0,3,6,2,7,7
24,1,5,0,0,3,7,2,0,0
24,1,5,0,0,3,8,2,0,0
24,1,5,0,0,3,9,2,0,0
24,1,5,0,1,2,2,2,1,1
24,1,5,0,1,2,3,2,0,0
24,1,5,0,1,2,4,2,48,48
24,1,5,0,1,2,5,2,0,0
24,1,5,0,1,2,6,2,11,11
24,1,5,0,1,2,7,2,0,0
24,1,5,0,1,2,8,2,0,0
24,1,5,0,1,2,9,2,0,0
24,1,5,1,1,1,2,2,4,4
24,1,5,1,1,1,3,2,0,0
24,1,5,1,1,1,4,2,100,100
24,1,5,1,1,1,5,2,0,0
24,1,5,1,1,1,6,2,15,15
24,1,5,1,1,1,7,2,0,0
24,1,5,1,1,1,8,2,0,0
24,1,5,1,1,1,9,2,0,0
24,1,7,0,0,0,2,2,1,1
24,1,7,0,0,0,3,2,0,0
24,1,7,0,0,0,4,2,0,0
24,1,7,0,0,0,5,2,0,0
24,1,7,0,0,0,6,2,0,0
24,1,7,0,0,0,7,2,0,0
24,1,7,0,0,0,8,2,0,0
24,2,2,0,0,6,10,2,0,0
24,2,2,0,0,6,2,2,0,0
24,2,2,0,0,6,3,2,0,0
24,2,2,0,0,6,4,2,0,0
24,2,2,0,0,6,5,2,0,0
24,2,2,0,0,6,6,2,8,8
24,2,2,0,0,6,7,2,0,0
24,2,2,0,0,6,8,2,9,9
24,2,2,0,0,6,9,2,0,0
24,2,2,0,1,5,10,2,0,0
24,2,2,0,1,5,2,2,0,0
24,2,2,0,1,5,3,2,0,0
24,2,2,0,1,5,4,2,0,0
24,2,2,0,1,5,5,2,0,0
24,2,2,0,1,5,6,2,57,57
24,2,2,0,1,5,7,2,0,0
24,2,2,0,1,5,8,2,17,17
24,2,2,0,1,5,9,2,0,0
24,2,2,0,2,4,10,2,0,0
24,2,2,0,2,4,2,2,0,0
24,2,2,0,2,4,3,2,0,0
24,2,2,0,2,4,4,2,4,4
24,2,2,0,2,4,5,2,0,0
24,2,2,0,2,4,6,2,114,114
24,2,2,0,2,4,7,2,0,0
24,2,2,0,2,4,8,2,18,18
24,2,2,0,2,4,9,2,0,0
24,2,2,0,3,3,10,2,0,0
24,2,2,0,3,3,2,2,0,0
24,2,2,0,3,3,3,2,0,0
24,2,2,0,3,3,4,2,8,8
24,2,2,0,3,3,5,2,0,0
24,2,2,0,3,3,6,2,132,132
24,2,2,0,3,3,7,2,0,0
24,2,2,0,3,3,8,2,18,18
24,2,2,0,3,3,9,2,0,0
24,2,2,1,1,4,10,2,0,0
24,2,2,1,1,4,2,2,0,0
24,2,2,1,1,4,3,2,0,0
24,2,2,1,1,4,4,2,18,18
24,2,2,1,1,4,5,2,0,0
24,2,2,1,1,4,6,2,267,267
24,2,2,1,1,4,7,2,0,0
24,2,2,1,1,4,8,2,28,28
24,2,2,1,1,4,9,2,0,0
24,2,2,1,2,3,10,2,0,0
24,2,2,1,2,3,2,2,0,0
24,2,2,1,2,3,3,2,0,0
24,2,2,1,2,3,4,2,65,65
24,2,2,1,2,3,5,2,0,0
24,2,2,1,2,3,6,2,445,445
24,2,2,1,2,3,7,2,0,0
24,2,2,1,2,3,8,2,29,29
24,2,2,1,2,3,9,2,0,0
24,2,2,2,2,2,10,2,0,0
24,2,2,2,2,2,2,2,0,0
24,2,2,2,2,2,3,2,0,0
24,2,2,2,2,2,4,2,130,130
24,2,2,2,2,2,5,2,0,0
24,2,2,2,2,2,6,2,632,632
24,2,2,2,2,2,7,2,0,0
24,2,2,2,2,2,8,2,30,30
24,2,2,2,2,2,9,2,0,0
24,2,4,0,0,3,2,2,0,0
24,2,4,0,0,3,3,2,0,0
24,2,4,0,0,3,4,2,21,21
24,2,4,0,0,3,5,2,0,0
24,2,4,0,0,3,6,2,14,14
24,2,4,0,0,3,7,2,0,0
24,2,4,0,0,3,8,2,0,0
24,2,4,0,0,3,9,2,0,0
24,2,4,0,1,2,2,2,1,1
24,2,4,0,1,2,3,2,0,0
24,2,4,0,1,2,4,2,73,73
24,2,4,0,1,2,5,2,0,0
24,2,4,0,1,2,6,2,25,25
24,2,4,0,1,2,7,2,0,0
24,2,4,0,1,2,8,2,0,0
24,2,4,0,1,2,9,2,0,0
24,2,4,1,1,1,2,2,4,4
24,2,4,1,1,1,3,2,0,0
24,2,4,1,1,1,4,2,159,159
24,2,4,1,1,1,5,2,0,0
24,2,4,1,1,1,6,2,38,38
24,2,4,1,1,1,7,2,0,0
24,2,4,1,1,1,8,2,0,0
24,2,4,1,1,1,9,2,0,0
24,2,6,0,0,0,2,2,1,1
24,2,6,0,0,0,3,2,0,0
24,2,6,0,0,0,4,2,2,2
24,2,6,0,0,0,5,2,0,0
24,2,6,0,0,0,6,2,0,0
24,2,6,0,0,0,7,2,0,0
24,2,6,0,0,0,8,2,0,0
24,3,3,0,0,3,2,2,0,0
24,3,3,0,0,3,3,2,0,0
24,3,3,0,0,3,4,2,23,23
24,3,3,0,0,3,5,2,0,0
24,3,3,0,0,3,6,2,19,19
24,3,3,0,0,3,7,2,0,0
24,3,3,0,0,3,8,2,0,0
24,3,3,0,0,3,9,2,0,0
24,3,3,0,1,2,2,2,1,1
24,3,3,0,1,2,3,2,0,0
24,3,3,0,1,2,4,2,82,82
24,3,3,0,1,2,5,2,0,0
24,3,3,0,1,2,6,2,33,33
24,3,3,0,1,2,7,2,0,0
24,3,3,0,1,2,8,2,0,0
24,3,3,0,1,2,9,2,0,0
24,3,3,1,1,1,2,2,4,4
24,3,3,1,1,1,3,2,0,0
24,3,3,1,1,1,4,2,181,181
24,3,3,1,1,1,5,2,0,0
24,3,3,1,1,1,6,2,49,49
24,3,3,1,1,1,7,2,0,0
24,3,3,1,1,1,8,2,0,0
24,3,3,1,1,1,9,2,0,0
24,3,5,0,0,0,2,2,1,1
24,3,5,0,0,0,3,2,0,0
24,3,5,0,0,0,4,2,3,3
24,3,5,0,0,0,5,2,0,0
24,3,5,0,0,0,6,2,0,0
24,3,5,0,0,0,7,2,0,0
24,3,5,0,0,0,8,2,0,0
24,4,4,0,0,0,2,2,1,1
24,4,4,0,0,0,3,2,0,0
24,4,4,0,0,0,4,2,4,4
24,4,4,0,0,0,5,2,0,0
24,4,4,0,0,0,6,2,0,0
24,4,4,0,0,0,7,2,0,0
24,4,4,0,0,0,8,2,0,0
